ODOMETRY,,0.1006923927,0.1000728452,0.0001713928575
SENSOR,0,1.896453814,0.3740318857,
SENSOR,1,3.853677511,1.519510179,
SENSOR,1,0, 0,
SENSOR,2,0, 0,
SENSOR,3,0, 0,
SENSOR,4,0, 0,
SENSOR,5,0, 0,
SENSOR,6,0, 0,
SENSOR,7,0, 0,
ODOMETRY,,0.09936603531,0.09996802111,-0.0002413415063
SENSOR,0,1.839226905,0.2480256551,
SENSOR,1,3.913873551,1.397267075,
SENSOR,1,0, 0,
SENSOR,2,0, 0,
SENSOR,3,0, 0,
SENSOR,4,0, 0,
SENSOR,5,0, 0,
SENSOR,6,0, 0,
SENSOR,7,0, 0,
ODOMETRY,,0.09970566556,0.09986897923,-0.0006303852033
SENSOR,0,1.952429982,0.1903849495,
SENSOR,1,3.995726237,1.237357485,
SENSOR,1,0, 0,
SENSOR,2,0, 0,
SENSOR,3,0, 0,
SENSOR,4,0, 0,
SENSOR,5,0, 0,
SENSOR,6,0, 0,
SENSOR,7,0, 0,
ODOMETRY,,0.1005429227,0.0999857089,-0.0002892236557
SENSOR,0,1.794383696,0.09270325886,
SENSOR,1,3.783088174,1.199856261,
SENSOR,1,0, 0,
SENSOR,2,0, 0,
SENSOR,3,0, 0,
SENSOR,4,0, 0,
SENSOR,5,0, 0,
SENSOR,6,0, 0,
SENSOR,7,0, 0,
ODOMETRY,,0.09916693782,0.1000142517,-0.0002138683453
SENSOR,0,1.894338399,0.04961696175,
SENSOR,1,3.980950228,1.180853768,
SENSOR,1,0, 0,
SENSOR,2,0, 0,
SENSOR,3,0, 0,
SENSOR,4,0, 0,
SENSOR,5,0, 0,
SENSOR,6,0, 0,
SENSOR,7,0, 0,
ODOMETRY,,0.09878006978,0.1000515118,0.001053062551
SENSOR,0,1.626903049,-0.1759354001,
SENSOR,1,3.739953274,1.12303892,
SENSOR,1,0, 0,
SENSOR,2,0, 0,
SENSOR,3,0, 0,
SENSOR,4,0, 0,
SENSOR,5,0, 0,
SENSOR,6,0, 0,
SENSOR,7,0, 0,
ODOMETRY,,0.09998971091,0.09997888902,0.001084874768
SENSOR,0,1.469800656,-0.3114401251,
SENSOR,1,4.043688891,0.949988562,
SENSOR,1,0, 0,
SENSOR,2,0, 0,
SENSOR,3,0, 0,
SENSOR,4,0, 0,
SENSOR,5,0, 0,
SENSOR,6,0, 0,
SENSOR,7,0, 0,
ODOMETRY,,0.09959390367,0.09977221214,7.30E-06
SENSOR,0,1.362689229,-0.3526157886,
SENSOR,1,3.753682413,0.933090164,
SENSOR,1,0, 0,
SENSOR,2,0, 0,
SENSOR,3,0, 0,
SENSOR,4,0, 0,
SENSOR,5,0, 0,
SENSOR,6,0, 0,
SENSOR,7,0, 0,
ODOMETRY,,0.1001269468,0.09967759681,0.001132162343
SENSOR,7,4.940612076,-0.3018465859,
SENSOR,0,1.281627526,-0.4354988896,
SENSOR,1,3.676249008,0.8379715226,
SENSOR,1,0, 0,
SENSOR,2,0, 0,
SENSOR,3,0, 0,
SENSOR,4,0, 0,
SENSOR,5,0, 0,
SENSOR,6,0, 0,
SENSOR,7,0, 0,
ODOMETRY,,0.1019331311,0.1000354514,0.0002375283506
SENSOR,7,4.864432584,-0.41031892,
SENSOR,0,1.353963146,-0.6182765137,
SENSOR,1,3.520750522,0.7132859946,
SENSOR,1,0, 0,
SENSOR,2,0, 0,
SENSOR,3,0, 0,
SENSOR,4,0, 0,
SENSOR,5,0, 0,
SENSOR,6,0, 0,
SENSOR,7,0, 0,
ODOMETRY,,0.09952499671,0.09996290348,-0.0003109354784
SENSOR,7,4.709572702,-0.6051774316,
SENSOR,0,1.217298532,-0.7101252226,
SENSOR,1,3.551996241,0.7674515032,
SENSOR,1,0, 0,
SENSOR,2,0, 0,
SENSOR,3,0, 0,
SENSOR,4,0, 0,
SENSOR,5,0, 0,
SENSOR,6,0, 0,
SENSOR,7,0, 0,
ODOMETRY,,0.0504340513,0.09999637677,3.03E-05
SENSOR,7,4.661407212,-0.5756099493,
SENSOR,0,0.9155571859,-0.954555561,
SENSOR,1,3.612946082,0.696680092,
SENSOR,1,0, 0,
SENSOR,2,0, 0,
SENSOR,3,0, 0,
SENSOR,4,0, 0,
SENSOR,5,0, 0,
SENSOR,6,0, 0,
SENSOR,7,0, 0,
ODOMETRY,,0.09887257015,0.09974383362,-0.0001076461839
SENSOR,7,4.486164301,-0.7488540786,
SENSOR,0,1.138890394,-1.065047509,
SENSOR,1,3.349263424,0.6396245282,
SENSOR,1,0, 0,
SENSOR,2,0, 0,
SENSOR,3,0, 0,
SENSOR,4,0, 0,
SENSOR,5,0, 0,
SENSOR,6,0, 0,
SENSOR,7,0, 0,
ODOMETRY,,0.09996514228,0.09990798123,-0.0003769567023
SENSOR,7,4.58906422,-0.8757996949,
SENSOR,0,0.9158253844,-1.172991348,
SENSOR,1,3.411165702,0.4555349046,
SENSOR,1,0, 0,
SENSOR,2,0, 0,
SENSOR,3,0, 0,
SENSOR,4,0, 0,
SENSOR,5,0, 0,
SENSOR,6,0, 0,
SENSOR,7,0, 0,
ODOMETRY,,0.0982956875,0.09972725186,0.0004051454249
SENSOR,7,4.612754319,-1.030367892,
SENSOR,0,0.8878237252,-1.436348644,
SENSOR,1,3.17754997,0.4115462094,
SENSOR,1,0, 0,
SENSOR,2,0, 0,
SENSOR,3,0, 0,
SENSOR,4,0, 0,
SENSOR,5,0, 0,
SENSOR,6,0, 0,
SENSOR,7,0, 0,
ODOMETRY,,0.09921399194,0.1001825918,0.0004545797137
SENSOR,7,4.466509491,-1.143368403,
SENSOR,0,1.009613094,-1.687476344,
SENSOR,1,3.069015604,0.3206220359,
SENSOR,1,0, 0,
SENSOR,2,0, 0,
SENSOR,3,0, 0,
SENSOR,4,0, 0,
SENSOR,5,0, 0,
SENSOR,6,0, 0,
SENSOR,7,0, 0,
ODOMETRY,,0.000315314154,0.09985852572,0.0002864523155
SENSOR,7,4.432087174,-1.06106019,
SENSOR,0,1.027479931,-1.628730116,
SENSOR,1,2.879036461,0.3152644219,
SENSOR,1,0, 0,
SENSOR,2,0, 0,
SENSOR,3,0, 0,
SENSOR,4,0, 0,
SENSOR,5,0, 0,
SENSOR,6,0, 0,
SENSOR,7,0, 0,
ODOMETRY,,-0.001068703444,0.0999752199,0.0006071265187
SENSOR,7,4.249543664,-1.184144901,
SENSOR,0,1.078947458,-1.731611962,
SENSOR,1,2.969157752,0.3504340566,
SENSOR,1,0, 0,
SENSOR,2,0, 0,
SENSOR,3,0, 0,
SENSOR,4,0, 0,
SENSOR,5,0, 0,
SENSOR,6,0, 0,
SENSOR,7,0, 0,
ODOMETRY,,0.0001131707568,0.09992004955,-0.0001043702936
SENSOR,7,4.443615436,-1.156786083,
SENSOR,0,1.085456016,-1.933584012,
SENSOR,1,2.831943459,0.3978406889,
SENSOR,1,0, 0,
SENSOR,2,0, 0,
SENSOR,3,0, 0,
SENSOR,4,0, 0,
SENSOR,5,0, 0,
SENSOR,6,0, 0,
SENSOR,7,0, 0,
ODOMETRY,,-0.001105280388,0.1000646784,0.0004054920463
SENSOR,7,4.27008975,-1.131892093,
SENSOR,0,1.192443347,-1.986874611,
SENSOR,1,2.673264142,0.3773710642,
SENSOR,1,0, 0,
SENSOR,2,0, 0,
SENSOR,3,0, 0,
SENSOR,4,0, 0,
SENSOR,5,0, 0,
SENSOR,6,0, 0,
SENSOR,7,0, 0,
ODOMETRY,,0.0002078896976,0.1001125084,8.95E-05
SENSOR,7,4.051488712,-1.192494559,
SENSOR,0,1.254636447,-2.067747911,
SENSOR,1,2.618911639,0.3821881613,
SENSOR,1,0, 0,
SENSOR,2,0, 0,
SENSOR,3,0, 0,
SENSOR,4,0, 0,
SENSOR,5,0, 0,
SENSOR,6,0, 0,
SENSOR,7,0, 0,
ODOMETRY,,-0.0004816335083,0.09992451583,-0.0001534219481
SENSOR,7,4.164100916,-1.248115628,
SENSOR,0,1.345574114,-2.129860943,
SENSOR,1,2.576292846,0.4278463554,
SENSOR,1,0, 0,
SENSOR,2,0, 0,
SENSOR,3,0, 0,
SENSOR,4,0, 0,
SENSOR,5,0, 0,
SENSOR,6,0, 0,
SENSOR,7,0, 0,
ODOMETRY,,0.001044342676,0.09985053094,0.0003958861307
SENSOR,7,4.228820368,-1.164107638,
SENSOR,0,1.160417125,-2.237230736,
SENSOR,1,2.409999903,0.54451525,
SENSOR,1,0, 0,
SENSOR,2,0, 0,
SENSOR,3,0, 0,
SENSOR,4,0, 0,
SENSOR,5,0, 0,
SENSOR,6,0, 0,
SENSOR,7,0, 0,
ODOMETRY,,-0.0001347868962,0.1001037663,-5.23E-05
SENSOR,7,4.212861447,-1.309222805,
SENSOR,0,1.37975144,-2.285214954,
SENSOR,1,2.341009608,0.4477951927,
SENSOR,1,0, 0,
SENSOR,2,0, 0,
SENSOR,3,0, 0,
SENSOR,4,0, 0,
SENSOR,5,0, 0,
SENSOR,6,0, 0,
SENSOR,7,0, 0,
ODOMETRY,,-0.0005362674007,0.09986128549,-0.001550000444
SENSOR,7,3.923760633,-1.317198418,
SENSOR,0,1.403791917,-2.294860895,
SENSOR,1,1.99413627,0.5321886488,
SENSOR,1,0, 0,
SENSOR,2,0, 0,
SENSOR,3,0, 0,
SENSOR,4,0, 0,
SENSOR,5,0, 0,
SENSOR,6,0, 0,
SENSOR,7,0, 0,
ODOMETRY,,0.0007255902033,0.1000995441,-0.0005021925377
SENSOR,7,4.048487275,-1.327614272,
SENSOR,0,1.393746573,-2.349401619,
SENSOR,1,2.104560009,0.4607691172,
SENSOR,6,5.054900233,-0.9352913623,
SENSOR,1,0, 0,
SENSOR,2,0, 0,
SENSOR,3,0, 0,
SENSOR,4,0, 0,
SENSOR,5,0, 0,
SENSOR,6,0, 0,
SENSOR,7,0, 0,
ODOMETRY,,0.0001678140759,0.1001280961,-0.001013568353
SENSOR,7,4.099902062,-1.300379859,
SENSOR,0,1.389807992,-2.399565126,
SENSOR,1,1.933510341,0.5197819692,
SENSOR,2,4.895822968,-0.1679518306,
SENSOR,6,5.03294924,-0.8588090472,
SENSOR,1,0, 0,
SENSOR,2,0, 0,
SENSOR,3,0, 0,
SENSOR,4,0, 0,
SENSOR,5,0, 0,
SENSOR,6,0, 0,
SENSOR,7,0, 0,
ODOMETRY,,-0.0003252718809,0.09991206637,4.13E-05
SENSOR,7,3.97852034,-1.286874397,
SENSOR,0,1.833966176,-2.402793772,
SENSOR,1,1.838099667,0.5497214582,
SENSOR,2,4.756719267,-0.2228184724,
SENSOR,6,4.765834236,-1.013870156,
SENSOR,1,0, 0,
SENSOR,2,0, 0,
SENSOR,3,0, 0,
SENSOR,4,0, 0,
SENSOR,5,0, 0,
SENSOR,6,0, 0,
SENSOR,7,0, 0,
ODOMETRY,,-0.0003189514537,0.1000724895,0.0003602733151
SENSOR,7,4.096845189,-1.505533561,
SENSOR,0,1.614566352,-2.410236939,
SENSOR,1,2.077417438,0.5513044846,
SENSOR,2,4.792312523,-0.1604281837,
SENSOR,6,4.899977438,-0.8018805032,
SENSOR,1,0, 0,
SENSOR,2,0, 0,
SENSOR,3,0, 0,
SENSOR,4,0, 0,
SENSOR,5,0, 0,
SENSOR,6,0, 0,
SENSOR,7,0, 0,
ODOMETRY,,-0.0004410996213,0.09995482836,-0.0006060001092
SENSOR,7,4.134887075,-1.50995001,
SENSOR,0,1.67485057,-2.549936782,
SENSOR,1,1.843946892,0.7122808762,
SENSOR,2,4.743129295,-0.2881878945,
SENSOR,6,4.749919379,-0.9822025125,
SENSOR,1,0, 0,
SENSOR,2,0, 0,
SENSOR,3,0, 0,
SENSOR,4,0, 0,
SENSOR,5,0, 0,
SENSOR,6,0, 0,
SENSOR,7,0, 0,
ODOMETRY,,0.000265204606,0.09994483207,-0.0001556307698
SENSOR,7,4.232547022,-1.489928109,
SENSOR,0,1.779420229,-2.511244119,
SENSOR,1,1.633262831,0.655588363,
SENSOR,2,4.478526199,-0.1751891639,
SENSOR,6,4.679105414,-0.9713225807,
SENSOR,1,0, 0,
SENSOR,2,0, 0,
SENSOR,3,0, 0,
SENSOR,4,0, 0,
SENSOR,5,0, 0,
SENSOR,6,0, 0,
SENSOR,7,0, 0,
ODOMETRY,,-0.0006970932758,0.09991158047,8.07E-05
SENSOR,7,4.025566566,-1.494733881,
SENSOR,0,1.865071226,-2.515402236,
SENSOR,1,1.648266873,0.6962978737,
SENSOR,2,4.475784625,-0.1111961495,
SENSOR,6,4.590454891,-1.09870373,
SENSOR,1,0, 0,
SENSOR,2,0, 0,
SENSOR,3,0, 0,
SENSOR,4,0, 0,
SENSOR,5,0, 0,
SENSOR,6,0, 0,
SENSOR,7,0, 0,
ODOMETRY,,0.0002539361945,0.09992875046,-0.0007660339246
SENSOR,7,4.018648993,-1.468325051,
SENSOR,0,1.987304714,-2.596385311,
SENSOR,1,1.650006794,0.7352319822,
SENSOR,2,4.445631207,-0.2041208265,
SENSOR,6,4.351765449,-1.12326967,
SENSOR,1,0, 0,
SENSOR,2,0, 0,
SENSOR,3,0, 0,
SENSOR,4,0, 0,
SENSOR,5,0, 0,
SENSOR,6,0, 0,
SENSOR,7,0, 0,
ODOMETRY,,0.0003257308066,0.1001137388,0.0001008282563
SENSOR,7,4.050376263,-1.567716418,
SENSOR,0,2.202677388,-2.558723027,
SENSOR,1,1.489449707,0.6952349883,
SENSOR,2,4.329344447,-0.2422116747,
SENSOR,6,4.625906114,-1.130512513,
SENSOR,1,0, 0,
SENSOR,2,0, 0,
SENSOR,3,0, 0,
SENSOR,4,0, 0,
SENSOR,5,0, 0,
SENSOR,6,0, 0,
SENSOR,7,0, 0,
ODOMETRY,,0.0005999826958,0.09990265061,0.0003452904524
SENSOR,7,4.066012501,-1.535908185,
SENSOR,0,2.219244566,-2.685072797,
SENSOR,1,1.42970633,0.7763242003,
SENSOR,2,4.120297369,-0.1873709332,
SENSOR,6,4.596766822,-1.057193584,
SENSOR,1,0, 0,
SENSOR,2,0, 0,
SENSOR,3,0, 0,
SENSOR,4,0, 0,
SENSOR,5,0, 0,
SENSOR,6,0, 0,
SENSOR,7,0, 0,
ODOMETRY,,0.0004919410132,0.09999725033,0.0002410608163
SENSOR,7,3.982249095,-1.590214231,
SENSOR,0,2.221886685,-2.657304937,
SENSOR,1,1.458739843,0.8498255122,
SENSOR,2,4.088079015,-0.2278428986,
SENSOR,6,4.553449781,-1.120963709,
SENSOR,1,0, 0,
SENSOR,2,0, 0,
SENSOR,3,0, 0,
SENSOR,4,0, 0,
SENSOR,5,0, 0,
SENSOR,6,0, 0,
SENSOR,7,0, 0,
ODOMETRY,,-0.0005294779091,0.09992336192,-0.0003506275637
SENSOR,7,4.012404847,-1.491855092,
SENSOR,0,2.532494656,-2.755036183,
SENSOR,1,1.249871194,0.8870050416,
SENSOR,2,3.888170291,-0.2289450189,
SENSOR,6,4.340416578,-1.153230884,
SENSOR,1,0, 0,
SENSOR,2,0, 0,
SENSOR,3,0, 0,
SENSOR,4,0, 0,
SENSOR,5,0, 0,
SENSOR,6,0, 0,
SENSOR,7,0, 0,
ODOMETRY,,-0.0003681793315,0.1000135789,7.12E-06
SENSOR,7,3.897528638,-1.69847502,
SENSOR,0,2.372339517,-2.741043279,
SENSOR,1,1.133259028,0.9578458315,
SENSOR,2,3.969230926,-0.2013058173,
SENSOR,6,4.277235553,-1.189642857,
SENSOR,1,0, 0,
SENSOR,2,0, 0,
SENSOR,3,0, 0,
SENSOR,4,0, 0,
SENSOR,5,0, 0,
SENSOR,6,0, 0,
SENSOR,7,0, 0,
ODOMETRY,,0.000176265446,0.1001824313,0.0001300800523
SENSOR,7,4.096264566,-1.588176195,
SENSOR,0,2.676673868,-2.786532017,
SENSOR,1,1.362522521,1.113405767,
SENSOR,2,3.772748908,-0.240313338,
SENSOR,6,4.271390564,-1.127437939,
SENSOR,1,0, 0,
SENSOR,2,0, 0,
SENSOR,3,0, 0,
SENSOR,4,0, 0,
SENSOR,5,0, 0,
SENSOR,6,0, 0,
SENSOR,7,0, 0,
ODOMETRY,,-8.97E-05,0.09991253323,-0.0006355498075
SENSOR,7,4.088123406,-1.778679367,
SENSOR,0,2.48705994,-2.734315726,
SENSOR,1,1.20206923,1.105576967,
SENSOR,2,3.728645005,-0.2003841397,
SENSOR,6,4.26186819,-1.230150385,
SENSOR,1,0, 0,
SENSOR,2,0, 0,
SENSOR,3,0, 0,
SENSOR,4,0, 0,
SENSOR,5,0, 0,
SENSOR,6,0, 0,
SENSOR,7,0, 0,
ODOMETRY,,0.0002429031412,0.09998364601,0.0003034001706
SENSOR,7,4.145433451,-1.74414265,
SENSOR,0,2.823926057,-2.738589331,
SENSOR,1,1.140447684,1.155489192,
SENSOR,2,3.577780746,-0.2595029177,
SENSOR,6,4.363444048,-1.228977598,
SENSOR,1,0, 0,
SENSOR,2,0, 0,
SENSOR,3,0, 0,
SENSOR,4,0, 0,
SENSOR,5,0, 0,
SENSOR,6,0, 0,
SENSOR,7,0, 0,
ODOMETRY,,-0.0001660446765,0.100011763,5.37E-05
SENSOR,7,4.097846803,-1.684121983,
SENSOR,0,2.903304007,-2.750837755,
SENSOR,1,1.047017518,1.27036146,
SENSOR,2,3.233865317,-0.2418177371,
SENSOR,6,4.081160056,-1.193826899,
SENSOR,1,0, 0,
SENSOR,2,0, 0,
SENSOR,3,0, 0,
SENSOR,4,0, 0,
SENSOR,5,0, 0,
SENSOR,6,0, 0,
SENSOR,7,0, 0,
ODOMETRY,,0.0003846080693,0.1000207724,-0.0003612423163
SENSOR,7,3.978218932,-1.704928953,
SENSOR,0,2.877276994,-2.856533775,
SENSOR,1,1.132930801,1.286847569,
SENSOR,2,3.590430758,-0.2646340378,
SENSOR,6,4.119692244,-1.233330806,
SENSOR,1,0, 0,
SENSOR,2,0, 0,
SENSOR,3,0, 0,
SENSOR,4,0, 0,
SENSOR,5,0, 0,
SENSOR,6,0, 0,
SENSOR,7,0, 0,
ODOMETRY,,0.001083206526,0.09990462849,-0.0004574268762
SENSOR,7,4.015725657,-1.709060957,
SENSOR,0,3.11559823,-2.805262199,
SENSOR,1,1.120636656,1.540264132,
SENSOR,2,3.311770045,-0.336869174,
SENSOR,6,4.250561292,-1.28603184,
SENSOR,1,0, 0,
SENSOR,2,0, 0,
SENSOR,3,0, 0,
SENSOR,4,0, 0,
SENSOR,5,0, 0,
SENSOR,6,0, 0,
SENSOR,7,0, 0,
ODOMETRY,,-0.0005761130063,0.09992978308,-0.0002543502516
SENSOR,7,3.949823171,-1.782100569,
SENSOR,0,3.176141599,-2.768858881,
SENSOR,1,0.9788295654,1.581540943,
SENSOR,2,3.302505427,-0.2455864641,
SENSOR,6,4.07708107,-1.264749603,
SENSOR,1,0, 0,
SENSOR,2,0, 0,
SENSOR,3,0, 0,
SENSOR,4,0, 0,
SENSOR,5,0, 0,
SENSOR,6,0, 0,
SENSOR,7,0, 0,
ODOMETRY,,0.000431140327,0.09997789448,0.0004609436866
SENSOR,7,4.265526182,-1.82936134,
SENSOR,0,3.327470504,-2.925560965,
SENSOR,1,1.056071197,1.642069129,
SENSOR,2,3.315985083,-0.3011696143,
SENSOR,6,3.957315454,-1.363728934,
SENSOR,1,0, 0,
SENSOR,2,0, 0,
SENSOR,3,0, 0,
SENSOR,4,0, 0,
SENSOR,5,0, 0,
SENSOR,6,0, 0,
SENSOR,7,0, 0,
ODOMETRY,,-0.0003800535737,0.09998852524,-0.0003820419954
SENSOR,7,4.15295492,-1.881541161,
SENSOR,0,3.156545391,-2.9029996,
SENSOR,1,0.9335974982,1.747191741,
SENSOR,2,3.02974642,-0.3411245529,
SENSOR,6,4.227374689,-1.36620205,
SENSOR,1,0, 0,
SENSOR,2,0, 0,
SENSOR,3,0, 0,
SENSOR,4,0, 0,
SENSOR,5,0, 0,
SENSOR,6,0, 0,
SENSOR,7,0, 0,
ODOMETRY,,-0.000118648653,0.100013827,4.65E-05
SENSOR,7,4.16855627,-1.871672458,
SENSOR,0,3.519736872,-2.813286247,
SENSOR,1,1.100474303,1.867843244,
SENSOR,2,2.889811464,-0.3420620116,
SENSOR,6,3.965318503,-1.436391654,
SENSOR,1,0, 0,
SENSOR,2,0, 0,
SENSOR,3,0, 0,
SENSOR,4,0, 0,
SENSOR,5,0, 0,
SENSOR,6,0, 0,
SENSOR,7,0, 0,
ODOMETRY,,-4.47E-05,0.09993279058,0.0003975107189
SENSOR,7,4.07754673,-1.796375841,
SENSOR,0,3.421144767,-2.833480395,
SENSOR,1,1.114529158,1.933351019,
SENSOR,2,2.909371271,-0.3619804122,
SENSOR,6,3.960413587,-1.508461618,
SENSOR,1,0, 0,
SENSOR,2,0, 0,
SENSOR,3,0, 0,
SENSOR,4,0, 0,
SENSOR,5,0, 0,
SENSOR,6,0, 0,
SENSOR,7,0, 0,
ODOMETRY,,-0.0006957641855,0.1000634302,0.0005519715788
SENSOR,7,4.181531053,-1.947054823,
SENSOR,0,3.649043799,-2.900684353,
SENSOR,1,1.044184095,2.082468142,
SENSOR,2,2.589140977,-0.4078351384,
SENSOR,6,3.958141287,-1.433749629,
SENSOR,1,0, 0,
SENSOR,2,0, 0,
SENSOR,3,0, 0,
SENSOR,4,0, 0,
SENSOR,5,0, 0,
SENSOR,6,0, 0,
SENSOR,7,0, 0,
ODOMETRY,,-0.0002274324473,0.1001612659,-0.000287906661
SENSOR,7,4.179793698,-1.935242355,
SENSOR,0,3.592454814,-2.858186406,
SENSOR,1,1.32393377,2.079580676,
SENSOR,2,2.479785967,-0.3850666019,
SENSOR,6,4.005121691,-1.452430103,
SENSOR,1,0, 0,
SENSOR,2,0, 0,
SENSOR,3,0, 0,
SENSOR,4,0, 0,
SENSOR,5,0, 0,
SENSOR,6,0, 0,
SENSOR,7,0, 0,
ODOMETRY,,0.0003465561857,0.1000142471,-0.0004630322746
SENSOR,7,4.148069,-1.867280017,
SENSOR,0,3.729299443,-2.843303663,
SENSOR,1,1.283807083,2.093828309,
SENSOR,2,2.491459267,-0.36589563,
SENSOR,6,4.011427659,-1.42716517,
SENSOR,1,0, 0,
SENSOR,2,0, 0,
SENSOR,3,0, 0,
SENSOR,4,0, 0,
SENSOR,5,0, 0,
SENSOR,6,0, 0,
SENSOR,7,0, 0,
ODOMETRY,,-0.0005762828464,0.09995155897,-0.0003776391395
SENSOR,7,4.278572838,-1.946950629,
SENSOR,0,3.854621095,-2.911958162,
SENSOR,1,1.383512367,2.309693076,
SENSOR,2,2.2413973,-0.323370667,
SENSOR,6,3.930729965,-1.455945755,
SENSOR,1,0, 0,
SENSOR,2,0, 0,
SENSOR,3,0, 0,
SENSOR,4,0, 0,
SENSOR,5,0, 0,
SENSOR,6,0, 0,
SENSOR,7,0, 0,
ODOMETRY,,-0.0006374547927,0.1001001246,-0.0002957379257
SENSOR,7,4.212153333,-1.943958339,
SENSOR,0,3.936832715,-2.88468582,
SENSOR,1,1.492760508,2.312458543,
SENSOR,2,2.405481899,-0.3679652441,
SENSOR,6,4.001230707,-1.468769991,
SENSOR,1,0, 0,
SENSOR,2,0, 0,
SENSOR,3,0, 0,
SENSOR,4,0, 0,
SENSOR,5,0, 0,
SENSOR,6,0, 0,
SENSOR,7,0, 0,
ODOMETRY,,-0.0006434995268,0.1000666775,0.000108995709
SENSOR,7,4.579223037,-1.999684785,
SENSOR,0,4.058053731,-2.936391138,
SENSOR,1,1.71548986,2.337940603,
SENSOR,2,1.973993423,-0.3241729621,
SENSOR,6,3.779534953,-1.489265152,
SENSOR,1,0, 0,
SENSOR,2,0, 0,
SENSOR,3,0, 0,
SENSOR,4,0, 0,
SENSOR,5,0, 0,
SENSOR,6,0, 0,
SENSOR,7,0, 0,
ODOMETRY,,-0.0006448777983,0.1000916241,0.0002525762094
SENSOR,7,4.449294379,-1.991632843,
SENSOR,0,4.149643741,-2.892738541,
SENSOR,1,1.564088151,2.439836503,
SENSOR,2,2.240526514,-0.4543629882,
SENSOR,6,3.957819245,-1.550614062,
SENSOR,1,0, 0,
SENSOR,2,0, 0,
SENSOR,3,0, 0,
SENSOR,4,0, 0,
SENSOR,5,0, 0,
SENSOR,6,0, 0,
SENSOR,7,0, 0,
ODOMETRY,,4.43E-05,0.09998049014,-0.0002936911541
SENSOR,7,4.633877784,-2.109660879,
SENSOR,0,4.357579612,-2.885108522,
SENSOR,1,1.75680655,2.406762556,
SENSOR,2,1.995810704,-0.511959811,
SENSOR,6,4.013571171,-1.625672545,
SENSOR,1,0, 0,
SENSOR,2,0, 0,
SENSOR,3,0, 0,
SENSOR,4,0, 0,
SENSOR,5,0, 0,
SENSOR,6,0, 0,
SENSOR,7,0, 0,
ODOMETRY,,-0.0002886585102,0.100029674,-0.0002897808893
SENSOR,7,4.410972884,-2.070501689,
SENSOR,0,4.390985123,-2.932314327,
SENSOR,1,1.70456499,2.447710684,
SENSOR,2,1.981653044,-0.4739464083,
SENSOR,6,4.064541865,-1.612996982,
SENSOR,1,0, 0,
SENSOR,2,0, 0,
SENSOR,3,0, 0,
SENSOR,4,0, 0,
SENSOR,5,0, 0,
SENSOR,6,0, 0,
SENSOR,7,0, 0,
ODOMETRY,,-7.47E-06,0.09981382529,0.0001018417083
SENSOR,7,4.578292706,-2.157428357,
SENSOR,0,4.461024131,-2.889184434,
SENSOR,1,1.715778123,2.472473935,
SENSOR,2,1.851689943,-0.5960416475,
SENSOR,6,4.042552749,-1.56140198,
SENSOR,1,0, 0,
SENSOR,2,0, 0,
SENSOR,3,0, 0,
SENSOR,4,0, 0,
SENSOR,5,0, 0,
SENSOR,6,0, 0,
SENSOR,7,0, 0,
ODOMETRY,,-0.0001102073558,0.100003735,-0.0002642374596
SENSOR,7,4.645615594,-2.157067754,
SENSOR,0,4.46244726,-2.939904136,
SENSOR,1,2.023491847,2.52854493,
SENSOR,2,1.851595623,-0.588222757,
SENSOR,6,3.916319764,-1.613029414,
SENSOR,1,0, 0,
SENSOR,2,0, 0,
SENSOR,3,0, 0,
SENSOR,4,0, 0,
SENSOR,5,0, 0,
SENSOR,6,0, 0,
SENSOR,7,0, 0,
ODOMETRY,,-0.0002142202547,0.10000878,-5.81E-05
SENSOR,7,4.773192912,-2.052808881,
SENSOR,0,4.548658294,-2.911718962,
SENSOR,1,1.771752453,2.621268644,
SENSOR,2,1.715607747,-0.5978282852,
SENSOR,6,4.202369709,-1.592695256,
SENSOR,1,0, 0,
SENSOR,2,0, 0,
SENSOR,3,0, 0,
SENSOR,4,0, 0,
SENSOR,5,0, 0,
SENSOR,6,0, 0,
SENSOR,7,0, 0,
ODOMETRY,,0.0001072372154,0.09981246438,-0.0006892259895
SENSOR,7,4.803945444,-2.117194098,
SENSOR,0,4.870075195,-2.880627288,
SENSOR,1,1.868330342,2.611428102,
SENSOR,2,1.52910207,-0.6395378344,
SENSOR,6,4.160586877,-1.669459602,
SENSOR,1,0, 0,
SENSOR,2,0, 0,
SENSOR,3,0, 0,
SENSOR,4,0, 0,
SENSOR,5,0, 0,
SENSOR,6,0, 0,
SENSOR,7,0, 0,
ODOMETRY,,-7.90E-05,0.100084714,-0.0005067957187
SENSOR,7,4.776870863,-2.237296584,
SENSOR,0,4.987593043,-2.95996159,
SENSOR,1,2.070934871,2.607371994,
SENSOR,2,1.649343282,-0.6412854987,
SENSOR,6,3.900409979,-1.785474169,
SENSOR,1,0, 0,
SENSOR,2,0, 0,
SENSOR,3,0, 0,
SENSOR,4,0, 0,
SENSOR,5,0, 0,
SENSOR,6,0, 0,
SENSOR,7,0, 0,
ODOMETRY,,0.0004704367088,0.1000080413,-8.31E-05
SENSOR,7,4.904651489,-2.173619267,
SENSOR,0,5.125125619,-2.870098232,
SENSOR,1,2.223514459,2.563945572,
SENSOR,2,1.278443799,-0.6799648023,
SENSOR,6,4.147274166,-1.73730721,
SENSOR,1,0, 0,
SENSOR,2,0, 0,
SENSOR,3,0, 0,
SENSOR,4,0, 0,
SENSOR,5,0, 0,
SENSOR,6,0, 0,
SENSOR,7,0, 0,
ODOMETRY,,-0.0004114605955,0.09987838948,-0.0005584405086
SENSOR,7,4.837700715,-2.244483378,
SENSOR,8,4.865344053,-0.8370771663,
SENSOR,1,2.179194169,2.674187284,
SENSOR,2,1.282227989,-0.8042785477,
SENSOR,6,4.008425622,-1.796071162,
SENSOR,1,0, 0,
SENSOR,2,0, 0,
SENSOR,3,0, 0,
SENSOR,4,0, 0,
SENSOR,5,0, 0,
SENSOR,6,0, 0,
SENSOR,7,0, 0,
ODOMETRY,,-0.0003755965721,0.1001015677,2.58E-05
SENSOR,7,5.096982321,-2.236421801,
SENSOR,8,4.92923414,-0.9533721561,
SENSOR,1,2.332928422,2.713257566,
SENSOR,2,1.39970519,-0.7795393676,
SENSOR,6,4.085019944,-1.821285481,
SENSOR,1,0, 0,
SENSOR,2,0, 0,
SENSOR,3,0, 0,
SENSOR,4,0, 0,
SENSOR,5,0, 0,
SENSOR,6,0, 0,
SENSOR,7,0, 0,
ODOMETRY,,0.0007359245835,0.09996202374,0.0004510731483
SENSOR,8,4.827514184,-0.9298767736,
SENSOR,1,2.476010008,2.743943425,
SENSOR,2,1.306543848,-0.8415105274,
SENSOR,6,3.968546748,-1.913061546,
SENSOR,1,0, 0,
SENSOR,2,0, 0,
SENSOR,3,0, 0,
SENSOR,4,0, 0,
SENSOR,5,0, 0,
SENSOR,6,0, 0,
SENSOR,7,0, 0,
ODOMETRY,,-0.0001943638609,0.09986144406,1.34E-05
SENSOR,8,4.736296947,-0.9057215747,
SENSOR,1,2.428945193,2.728564164,
SENSOR,2,1.188560803,-0.9296049216,
SENSOR,6,4.113702443,-1.831717383,
SENSOR,1,0, 0,
SENSOR,2,0, 0,
SENSOR,3,0, 0,
SENSOR,4,0, 0,
SENSOR,5,0, 0,
SENSOR,6,0, 0,
SENSOR,7,0, 0,
ODOMETRY,,-0.0003031801199,0.09989570423,-9.96E-05
SENSOR,8,4.711705097,-1.037661919,
SENSOR,1,2.750475413,2.717638331,
SENSOR,2,1.070112513,-0.9639169374,
SENSOR,6,4.066356388,-1.890286875,
SENSOR,1,0, 0,
SENSOR,2,0, 0,
SENSOR,3,0, 0,
SENSOR,4,0, 0,
SENSOR,5,0, 0,
SENSOR,6,0, 0,
SENSOR,7,0, 0,
ODOMETRY,,-8.45E-05,0.09987333722,0.0003014207331
SENSOR,8,4.695163925,-0.9245295788,
SENSOR,1,2.724760117,2.785015431,
SENSOR,2,1.047071967,-0.976795399,
SENSOR,6,4.310490661,-1.948831807,
SENSOR,1,0, 0,
SENSOR,2,0, 0,
SENSOR,3,0, 0,
SENSOR,4,0, 0,
SENSOR,5,0, 0,
SENSOR,6,0, 0,
SENSOR,7,0, 0,
ODOMETRY,,-2.08E-05,0.1000082459,1.28E-05
SENSOR,8,4.604127838,-0.9550882577,
SENSOR,1,2.815379321,2.714853825,
SENSOR,2,1.184967868,-1.102726515,
SENSOR,6,4.436240296,-1.920445906,
SENSOR,1,0, 0,
SENSOR,2,0, 0,
SENSOR,3,0, 0,
SENSOR,4,0, 0,
SENSOR,5,0, 0,
SENSOR,6,0, 0,
SENSOR,7,0, 0,
ODOMETRY,,-0.01005438704,0.0998535621,-0.01993334664
SENSOR,8,4.455771557,-1.034749561,
SENSOR,1,2.821244772,2.777093232,
SENSOR,2,0.985411142,-1.122022109,
SENSOR,6,4.139804003,-2.003768149,
SENSOR,1,0, 0,
SENSOR,2,0, 0,
SENSOR,3,0, 0,
SENSOR,4,0, 0,
SENSOR,5,0, 0,
SENSOR,6,0, 0,
SENSOR,7,0, 0,
ODOMETRY,,-0.01094158147,0.09990475615,-0.02030405753
SENSOR,8,4.533733401,-0.92114832,
SENSOR,1,3.062371546,2.82817919,
SENSOR,2,1.097324188,-1.171072559,
SENSOR,6,4.160001749,-1.874301974,
SENSOR,1,0, 0,
SENSOR,2,0, 0,
SENSOR,3,0, 0,
SENSOR,4,0, 0,
SENSOR,5,0, 0,
SENSOR,6,0, 0,
SENSOR,7,0, 0,
ODOMETRY,,-0.01050671362,0.1001182833,-0.01989089269
SENSOR,8,4.559684308,-0.9401853717,
SENSOR,1,3.079740137,2.951040205,
SENSOR,2,1.015727113,-1.334610362,
SENSOR,6,4.28688498,-1.970044653,
SENSOR,1,0, 0,
SENSOR,2,0, 0,
SENSOR,3,0, 0,
SENSOR,4,0, 0,
SENSOR,5,0, 0,
SENSOR,6,0, 0,
SENSOR,7,0, 0,
ODOMETRY,,-0.009776622346,0.09979978958,-0.02073541276
SENSOR,8,4.27323705,-1.030633568,
SENSOR,1,3.154842603,2.947750881,
SENSOR,2,0.8971803402,-1.322970765,
SENSOR,6,4.362999933,-1.914770218,
SENSOR,1,0, 0,
SENSOR,2,0, 0,
SENSOR,3,0, 0,
SENSOR,4,0, 0,
SENSOR,5,0, 0,
SENSOR,6,0, 0,
SENSOR,7,0, 0,
ODOMETRY,,-0.009783591993,0.09984877959,-0.01988571991
SENSOR,8,4.250117167,-1.001194932,
SENSOR,1,3.375805011,2.980653378,
SENSOR,2,1.073176345,-1.47273653,
SENSOR,6,4.415503412,-1.941490501,
SENSOR,1,0, 0,
SENSOR,2,0, 0,
SENSOR,3,0, 0,
SENSOR,4,0, 0,
SENSOR,5,0, 0,
SENSOR,6,0, 0,
SENSOR,7,0, 0,
ODOMETRY,,-0.009857139548,0.09996899174,-0.01810843135
SENSOR,8,4.075030193,-0.9226818716,
SENSOR,1,3.378065214,3.065424668,
SENSOR,2,0.940232034,-1.57108208,
SENSOR,6,4.308774752,-1.904244781,
SENSOR,1,0, 0,
SENSOR,2,0, 0,
SENSOR,3,0, 0,
SENSOR,4,0, 0,
SENSOR,5,0, 0,
SENSOR,6,0, 0,
SENSOR,7,0, 0,
ODOMETRY,,-0.01002512364,0.1000265255,-0.02003502429
SENSOR,8,4.312804517,-0.882911595,
SENSOR,1,3.292691769,3.0757626,
SENSOR,2,0.849339608,-1.670800873,
SENSOR,6,4.633285366,-1.783391209,
SENSOR,1,0, 0,
SENSOR,2,0, 0,
SENSOR,3,0, 0,
SENSOR,4,0, 0,
SENSOR,5,0, 0,
SENSOR,6,0, 0,
SENSOR,7,0, 0,
ODOMETRY,,-0.009912187226,0.09996745635,-0.02025515785
SENSOR,8,4.10788672,-0.8957111107,
SENSOR,1,3.53916355,3.061497522,
SENSOR,2,0.8252625467,-1.767593267,
SENSOR,6,4.53621957,-1.794344241,
SENSOR,1,0, 0,
SENSOR,2,0, 0,
SENSOR,3,0, 0,
SENSOR,4,0, 0,
SENSOR,5,0, 0,
SENSOR,6,0, 0,
SENSOR,7,0, 0,
ODOMETRY,,-0.0107748533,0.1000525684,-0.01922725149
SENSOR,8,4.100497056,-0.851898017,
SENSOR,1,3.713729736,3.082370529,
SENSOR,2,0.9365033654,-1.817857557,
SENSOR,6,4.425730176,-1.954771143,
SENSOR,1,0, 0,
SENSOR,2,0, 0,
SENSOR,3,0, 0,
SENSOR,4,0, 0,
SENSOR,5,0, 0,
SENSOR,6,0, 0,
SENSOR,7,0, 0,
ODOMETRY,,-0.01120410785,0.1000708585,-0.01957535282
SENSOR,8,4.016713692,-0.9418272805,
SENSOR,1,3.807611852,3.211116205,
SENSOR,2,0.9420404364,-1.818410487,
SENSOR,6,4.371700019,-1.839371567,
SENSOR,1,0, 0,
SENSOR,2,0, 0,
SENSOR,3,0, 0,
SENSOR,4,0, 0,
SENSOR,5,0, 0,
SENSOR,6,0, 0,
SENSOR,7,0, 0,
ODOMETRY,,-0.01002018398,0.09997807449,-0.0208659878
SENSOR,8,4.010425222,-0.9337269788,
SENSOR,1,3.842287454,-3.094781775,
SENSOR,2,0.8970459946,-2.000041788,
SENSOR,6,4.484702331,-1.887575,
SENSOR,1,0, 0,
SENSOR,2,0, 0,
SENSOR,3,0, 0,
SENSOR,4,0, 0,
SENSOR,5,0, 0,
SENSOR,6,0, 0,
SENSOR,7,0, 0,
ODOMETRY,,-0.01044136961,0.1000488236,-0.01990173504
SENSOR,8,3.939767587,-0.8531587045,
SENSOR,1,3.826377302,-3.104442995,
SENSOR,2,0.9841659427,-2.130950888,
SENSOR,6,4.492932643,-1.805759283,
SENSOR,1,0, 0,
SENSOR,2,0, 0,
SENSOR,3,0, 0,
SENSOR,4,0, 0,
SENSOR,5,0, 0,
SENSOR,6,0, 0,
SENSOR,7,0, 0,
ODOMETRY,,-0.009991366673,0.1000195543,-0.01953161456
SENSOR,8,3.750382969,-0.8046348727,
SENSOR,1,4.002379568,-3.106622372,
SENSOR,2,1.114976629,-1.975846994,
SENSOR,6,4.661907341,-1.834349943,
SENSOR,1,0, 0,
SENSOR,2,0, 0,
SENSOR,3,0, 0,
SENSOR,4,0, 0,
SENSOR,5,0, 0,
SENSOR,6,0, 0,
SENSOR,7,0, 0,
ODOMETRY,,-0.01012580776,0.09995351842,-0.01872520415
SENSOR,8,3.746145028,-0.8810174746,
SENSOR,1,4.093632346,-3.044528659,
SENSOR,2,1.003439686,-2.105782568,
SENSOR,6,4.57015482,-1.800586262,
SENSOR,1,0, 0,
SENSOR,2,0, 0,
SENSOR,3,0, 0,
SENSOR,4,0, 0,
SENSOR,5,0, 0,
SENSOR,6,0, 0,
SENSOR,7,0, 0,
ODOMETRY,,-0.01114554934,0.1000288262,-0.02022892044
SENSOR,8,3.92321862,-0.8288271377,
SENSOR,1,4.162784193,-3.129173554,
SENSOR,2,1.2430979,-2.093653138,
SENSOR,6,4.703595081,-1.749552038,
SENSOR,1,0, 0,
SENSOR,2,0, 0,
SENSOR,3,0, 0,
SENSOR,4,0, 0,
SENSOR,5,0, 0,
SENSOR,6,0, 0,
SENSOR,7,0, 0,
ODOMETRY,,-0.00870887844,0.0999963292,-0.02085921669
SENSOR,8,3.49814821,-0.7393985505,
SENSOR,1,4.377898122,-2.929145792,
SENSOR,2,1.225644902,-2.282280938,
SENSOR,6,4.688132452,-1.82811733,
SENSOR,1,0, 0,
SENSOR,2,0, 0,
SENSOR,3,0, 0,
SENSOR,4,0, 0,
SENSOR,5,0, 0,
SENSOR,6,0, 0,
SENSOR,7,0, 0,
ODOMETRY,,-0.0100769117,0.09967066891,-0.0197492756
SENSOR,8,3.596225899,-0.8685750596,
SENSOR,1,4.564450392,-2.890340591,
SENSOR,2,1.271147552,-2.208431212,
SENSOR,6,4.593477802,-1.821039567,
SENSOR,1,0, 0,
SENSOR,2,0, 0,
SENSOR,3,0, 0,
SENSOR,4,0, 0,
SENSOR,5,0, 0,
SENSOR,6,0, 0,
SENSOR,7,0, 0,
ODOMETRY,,-0.009109173996,0.09985480722,-0.01993810069
SENSOR,8,3.557435175,-0.7265987795,
SENSOR,1,4.562167564,-2.882222857,
SENSOR,2,1.266123751,-2.30172534,
SENSOR,6,4.954591073,-1.742292722,
SENSOR,1,0, 0,
SENSOR,2,0, 0,
SENSOR,3,0, 0,
SENSOR,4,0, 0,
SENSOR,5,0, 0,
SENSOR,6,0, 0,
SENSOR,7,0, 0,
ODOMETRY,,-0.008883663564,0.0999840822,-0.0208119959
SENSOR,8,3.488238416,-0.8305637959,
SENSOR,1,4.552410253,-2.900551682,
SENSOR,2,1.353770541,-2.363742488,
SENSOR,6,4.687157131,-1.684577139,
SENSOR,1,0, 0,
SENSOR,2,0, 0,
SENSOR,3,0, 0,
SENSOR,4,0, 0,
SENSOR,5,0, 0,
SENSOR,6,0, 0,
SENSOR,7,0, 0,
ODOMETRY,,-0.009983761346,0.09973539833,-0.02000639041
SENSOR,8,3.29002291,-0.8326708263,
SENSOR,1,4.726494959,-2.782394307,
SENSOR,2,1.609393243,-2.306525861,
SENSOR,6,4.720176062,-1.785990187,
SENSOR,1,0, 0,
SENSOR,2,0, 0,
SENSOR,3,0, 0,
SENSOR,4,0, 0,
SENSOR,5,0, 0,
SENSOR,6,0, 0,
SENSOR,7,0, 0,
ODOMETRY,,-0.01040714637,0.09993310676,-0.01976251296
SENSOR,8,3.136089974,-0.7535145869,
SENSOR,1,4.751298386,-2.852630411,
SENSOR,2,1.620278571,-2.261042122,
SENSOR,6,4.822340934,-1.723872671,
SENSOR,1,0, 0,
SENSOR,2,0, 0,
SENSOR,3,0, 0,
SENSOR,4,0, 0,
SENSOR,5,0, 0,
SENSOR,6,0, 0,
SENSOR,7,0, 0,
ODOMETRY,,-0.009272969006,0.09987217449,-0.02121878596
SENSOR,8,3.038973026,-0.6946357444,
SENSOR,1,5.004762181,-2.84293641,
SENSOR,2,1.534761493,-2.40311848,
SENSOR,6,4.852134605,-1.78275323,
SENSOR,1,0, 0,
SENSOR,2,0, 0,
SENSOR,3,0, 0,
SENSOR,4,0, 0,
SENSOR,5,0, 0,
SENSOR,6,0, 0,
SENSOR,7,0, 0,
ODOMETRY,,-0.0107631889,0.1000152938,-0.01923550925
SENSOR,8,3.152557234,-0.5753569801,
SENSOR,2,1.735981004,-2.42098328,
SENSOR,6,4.843073045,-1.67534079,
SENSOR,1,0, 0,
SENSOR,2,0, 0,
SENSOR,3,0, 0,
SENSOR,4,0, 0,
SENSOR,5,0, 0,
SENSOR,6,0, 0,
SENSOR,7,0, 0,
ODOMETRY,,-0.009701352199,0.09995965106,-0.01979656456
SENSOR,8,3.155140788,-0.713393721,
SENSOR,2,1.785596378,-2.434865568,
SENSOR,6,4.846285277,-1.781041041,
SENSOR,1,0, 0,
SENSOR,2,0, 0,
SENSOR,3,0, 0,
SENSOR,4,0, 0,
SENSOR,5,0, 0,
SENSOR,6,0, 0,
SENSOR,7,0, 0,
ODOMETRY,,-0.009094125751,0.1001165937,-0.01943266191
SENSOR,8,3.130801821,-0.7982446516,
SENSOR,2,1.950980417,-2.379766632,
SENSOR,6,4.848162868,-1.732893588,
SENSOR,1,0, 0,
SENSOR,2,0, 0,
SENSOR,3,0, 0,
SENSOR,4,0, 0,
SENSOR,5,0, 0,
SENSOR,6,0, 0,
SENSOR,7,0, 0,
ODOMETRY,,-0.0095276826,0.09989963329,-0.01891551992
SENSOR,8,2.82595633,-0.7076767916,
SENSOR,2,1.720857603,-2.307308484,
SENSOR,6,4.893283784,-1.708999316,
SENSOR,1,0, 0,
SENSOR,2,0, 0,
SENSOR,3,0, 0,
SENSOR,4,0, 0,
SENSOR,5,0, 0,
SENSOR,6,0, 0,
SENSOR,7,0, 0,
ODOMETRY,,-0.01026451655,0.10001463,-0.02036648875
SENSOR,8,3.095764942,-0.7839086429,
SENSOR,2,2.007145327,-2.391148138,
SENSOR,6,5.000470066,-1.736346887,
SENSOR,1,0, 0,
SENSOR,2,0, 0,
SENSOR,3,0, 0,
SENSOR,4,0, 0,
SENSOR,5,0, 0,
SENSOR,6,0, 0,
SENSOR,7,0, 0,
ODOMETRY,,-0.01011834229,0.1003896529,-0.01982841635
SENSOR,8,2.653506757,-0.6189177739,
SENSOR,2,1.865538229,-2.433306207,
SENSOR,6,4.872655311,-1.692247063,
SENSOR,1,0, 0,
SENSOR,2,0, 0,
SENSOR,3,0, 0,
SENSOR,4,0, 0,
SENSOR,5,0, 0,
SENSOR,6,0, 0,
SENSOR,7,0, 0,
ODOMETRY,,-0.009461994483,0.100091592,-0.02094139775
SENSOR,8,2.714566985,-0.7533149077,
SENSOR,2,2.026404641,-2.38657853,
SENSOR,6,5.001349037,-1.703287574,
SENSOR,1,0, 0,
SENSOR,2,0, 0,
SENSOR,3,0, 0,
SENSOR,4,0, 0,
SENSOR,5,0, 0,
SENSOR,6,0, 0,
SENSOR,7,0, 0,
ODOMETRY,,-0.01030642404,0.1000935516,-0.01976164483
SENSOR,8,2.804755879,-0.7355889386,
SENSOR,2,2.237376091,-2.382244628,
SENSOR,6,4.91207794,-1.603238932,
SENSOR,1,0, 0,
SENSOR,2,0, 0,
SENSOR,3,0, 0,
SENSOR,4,0, 0,
SENSOR,5,0, 0,
SENSOR,6,0, 0,
SENSOR,7,0, 0,
ODOMETRY,,-0.01106570003,0.09985324312,-0.01938112648
SENSOR,8,2.628879075,-0.7128705977,
SENSOR,2,2.270701446,-2.252391735,
SENSOR,6,4.993133195,-1.658458378,
SENSOR,1,0, 0,
SENSOR,2,0, 0,
SENSOR,3,0, 0,
SENSOR,4,0, 0,
SENSOR,5,0, 0,
SENSOR,6,0, 0,
SENSOR,7,0, 0,
ODOMETRY,,-0.01079173284,0.1001926468,-0.0208555881
SENSOR,8,2.53078099,-0.74576365,
SENSOR,2,2.373275873,-2.384857856,
SENSOR,6,4.812897136,-1.685220387,
SENSOR,1,0, 0,
SENSOR,2,0, 0,
SENSOR,3,0, 0,
SENSOR,4,0, 0,
SENSOR,5,0, 0,
SENSOR,6,0, 0,
SENSOR,7,0, 0,
ODOMETRY,,-0.00943984981,0.1001765988,-0.0195153146
SENSOR,8,2.393690747,-0.6064574403,
SENSOR,2,2.406822966,-2.405916412,
SENSOR,6,4.97879854,-1.681699727,
SENSOR,1,0, 0,
SENSOR,2,0, 0,
SENSOR,3,0, 0,
SENSOR,4,0, 0,
SENSOR,5,0, 0,
SENSOR,6,0, 0,
SENSOR,7,0, 0,
ODOMETRY,,-0.009942092347,0.1000401049,-0.01953984318
SENSOR,8,2.300729831,-0.6917800225,
SENSOR,2,2.418762868,-2.41913028,
SENSOR,6,4.788920531,-1.634727779,
SENSOR,1,0, 0,
SENSOR,2,0, 0,
SENSOR,3,0, 0,
SENSOR,4,0, 0,
SENSOR,5,0, 0,
SENSOR,6,0, 0,
SENSOR,7,0, 0,
ODOMETRY,,-0.01083828776,0.100154315,-0.02067766539
SENSOR,8,2.281771999,-0.7206831218,
SENSOR,2,2.691154817,-2.404524946,
SENSOR,6,4.938207589,-1.671944648,
SENSOR,1,0, 0,
SENSOR,2,0, 0,
SENSOR,3,0, 0,
SENSOR,4,0, 0,
SENSOR,5,0, 0,
SENSOR,6,0, 0,
SENSOR,7,0, 0,
ODOMETRY,,-0.009831365596,0.09986017371,-0.01995944511
SENSOR,8,2.148670693,-0.7634488076,
SENSOR,2,2.700087062,-2.343433071,
SENSOR,6,5.051842855,-1.639972811,
SENSOR,1,0, 0,
SENSOR,2,0, 0,
SENSOR,3,0, 0,
SENSOR,4,0, 0,
SENSOR,5,0, 0,
SENSOR,6,0, 0,
SENSOR,7,0, 0,
ODOMETRY,,-0.0100819828,0.1000139102,-0.01923191564
SENSOR,8,2.18621281,-0.7021508662,
SENSOR,2,2.501974268,-2.353094913,
SENSOR,6,5.061719945,-1.595707632,
SENSOR,1,0, 0,
SENSOR,2,0, 0,
SENSOR,3,0, 0,
SENSOR,4,0, 0,
SENSOR,5,0, 0,
SENSOR,6,0, 0,
SENSOR,7,0, 0,
ODOMETRY,,-0.01035336141,0.099846066,-0.01996401092
SENSOR,8,2.099189273,-0.7689409024,
SENSOR,2,2.874278491,-2.405342664,
SENSOR,6,5.120351336,-1.624609944,
SENSOR,1,0, 0,
SENSOR,2,0, 0,
SENSOR,3,0, 0,
SENSOR,4,0, 0,
SENSOR,5,0, 0,
SENSOR,6,0, 0,
SENSOR,7,0, 0,
ODOMETRY,,-0.01039933329,0.1001764756,-0.02027052151
SENSOR,8,1.910432193,-0.6871080576,
SENSOR,2,2.839162716,-2.361732168,
SENSOR,6,4.774515082,-1.585132371,
SENSOR,1,0, 0,
SENSOR,2,0, 0,
SENSOR,3,0, 0,
SENSOR,4,0, 0,
SENSOR,5,0, 0,
SENSOR,6,0, 0,
SENSOR,7,0, 0,
ODOMETRY,,-0.009973877592,0.1001535202,-0.0194411967
SENSOR,8,1.986034648,-0.6983195743,
SENSOR,2,2.982795941,-2.480480951,
SENSOR,6,4.800897334,-1.560689004,
SENSOR,1,0, 0,
SENSOR,2,0, 0,
SENSOR,3,0, 0,
SENSOR,4,0, 0,
SENSOR,5,0, 0,
SENSOR,6,0, 0,
SENSOR,7,0, 0,
ODOMETRY,,-0.009551174528,0.1001391338,-0.01993187428
SENSOR,8,1.695411837,-0.7364319257,
SENSOR,2,3.051221762,-2.331761334,
SENSOR,6,4.832649308,-1.619167656,
SENSOR,1,0, 0,
SENSOR,2,0, 0,
SENSOR,3,0, 0,
SENSOR,4,0, 0,
SENSOR,5,0, 0,
SENSOR,6,0, 0,
SENSOR,7,0, 0,
ODOMETRY,,-0.01024601934,0.1000146077,-0.01996456706
SENSOR,8,1.552845888,-0.741789749,
SENSOR,2,2.980714879,-2.401167596,
SENSOR,6,5.069867021,-1.535088987,
SENSOR,1,0, 0,
SENSOR,2,0, 0,
SENSOR,3,0, 0,
SENSOR,4,0, 0,
SENSOR,5,0, 0,
SENSOR,6,0, 0,
SENSOR,7,0, 0,
ODOMETRY,,-0.009313349974,0.09979007287,-0.02016909563
SENSOR,8,1.504791492,-0.6643920314,
SENSOR,2,3.28272635,-2.246338287,
SENSOR,6,5.134288235,-1.601580616,
SENSOR,1,0, 0,
SENSOR,2,0, 0,
SENSOR,3,0, 0,
SENSOR,4,0, 0,
SENSOR,5,0, 0,
SENSOR,6,0, 0,
SENSOR,7,0, 0,
ODOMETRY,,-0.009526471841,0.100006985,-0.01983649043
SENSOR,8,1.386998239,-0.7631162312,
SENSOR,2,3.126643912,-2.264967825,
SENSOR,6,4.994564564,-1.493344639,
SENSOR,1,0, 0,
SENSOR,2,0, 0,
SENSOR,3,0, 0,
SENSOR,4,0, 0,
SENSOR,5,0, 0,
SENSOR,6,0, 0,
SENSOR,7,0, 0,
ODOMETRY,,-0.009688758777,0.1000318334,-0.01998667785
SENSOR,8,1.54456146,-0.7853390415,
SENSOR,2,3.324014488,-2.294041573,
SENSOR,6,5.129100701,-1.566741599,
SENSOR,1,0, 0,
SENSOR,2,0, 0,
SENSOR,3,0, 0,
SENSOR,4,0, 0,
SENSOR,5,0, 0,
SENSOR,6,0, 0,
SENSOR,7,0, 0,
ODOMETRY,,-0.01018210066,0.1000988982,-0.01897184408
SENSOR,8,1.308494014,-0.7929797304,
SENSOR,2,3.352620714,-2.293501594,
SENSOR,6,4.951036587,-1.583236387,
SENSOR,1,0, 0,
SENSOR,2,0, 0,
SENSOR,3,0, 0,
SENSOR,4,0, 0,
SENSOR,5,0, 0,
SENSOR,6,0, 0,
SENSOR,7,0, 0,
ODOMETRY,,-0.01063393504,0.09989768532,-0.02117124461
SENSOR,8,1.352127649,-0.8173853848,
SENSOR,2,3.293861594,-2.257602664,
SENSOR,6,4.994028172,-1.460725318,
SENSOR,1,0, 0,
SENSOR,2,0, 0,
SENSOR,3,0, 0,
SENSOR,4,0, 0,
SENSOR,5,0, 0,
SENSOR,6,0, 0,
SENSOR,7,0, 0,
ODOMETRY,,-0.009897032918,0.0998918975,-0.01928886368
SENSOR,8,1.355008279,-0.7733348949,
SENSOR,2,3.563992603,-2.367330746,
SENSOR,6,4.675466638,-1.478209415,
SENSOR,1,0, 0,
SENSOR,2,0, 0,
SENSOR,3,0, 0,
SENSOR,4,0, 0,
SENSOR,5,0, 0,
SENSOR,6,0, 0,
SENSOR,7,0, 0,
ODOMETRY,,-0.01030083083,0.1000422332,-0.02038625587
SENSOR,8,1.101687173,-0.7376501465,
SENSOR,2,3.56949802,-2.201152393,
SENSOR,6,4.808237619,-1.496997179,
SENSOR,1,0, 0,
SENSOR,2,0, 0,
SENSOR,3,0, 0,
SENSOR,4,0, 0,
SENSOR,5,0, 0,
SENSOR,6,0, 0,
SENSOR,7,0, 0,
ODOMETRY,,-0.01048266224,0.1002354709,-0.02003274604
SENSOR,8,1.073012869,-0.8577047032,
SENSOR,2,3.608996738,-2.292591698,
SENSOR,6,5.019078255,-1.443619274,
SENSOR,1,0, 0,
SENSOR,2,0, 0,
SENSOR,3,0, 0,
SENSOR,4,0, 0,
SENSOR,5,0, 0,
SENSOR,6,0, 0,
SENSOR,7,0, 0,
ODOMETRY,,-0.01022223933,0.1001411825,-0.02073049541
SENSOR,8,1.191811711,-0.7917395942,
SENSOR,2,3.695607574,-2.281886774,
SENSOR,6,4.802135536,-1.399279287,
SENSOR,1,0, 0,
SENSOR,2,0, 0,
SENSOR,3,0, 0,
SENSOR,4,0, 0,
SENSOR,5,0, 0,
SENSOR,6,0, 0,
SENSOR,7,0, 0,
ODOMETRY,,-0.0001711962374,0.1001493093,-0.001376131566
SENSOR,8,0.9878453043,-1.077003061,
SENSOR,2,3.892501738,-2.209135438,
SENSOR,5,4.858444928,-0.4672683208,
SENSOR,6,4.847832144,-1.513686402,
SENSOR,1,0, 0,
SENSOR,2,0, 0,
SENSOR,3,0, 0,
SENSOR,4,0, 0,
SENSOR,5,0, 0,
SENSOR,6,0, 0,
SENSOR,7,0, 0,
ODOMETRY,,0.0001939348446,0.09991611774,0.0003550311042
SENSOR,8,1.011801805,-1.103155383,
SENSOR,2,3.984626377,-2.363339274,
SENSOR,5,4.876745128,-0.4957529084,
SENSOR,6,5.024017878,-1.554875657,
SENSOR,1,0, 0,
SENSOR,2,0, 0,
SENSOR,3,0, 0,
SENSOR,4,0, 0,
SENSOR,5,0, 0,
SENSOR,6,0, 0,
SENSOR,7,0, 0,
ODOMETRY,,-0.0003205746586,0.09996871818,-0.0001921038358
SENSOR,8,0.9594768165,-1.172898267,
SENSOR,2,3.795250887,-2.263416002,
SENSOR,5,4.78554292,-0.3895814581,
SENSOR,6,4.898694004,-1.443968189,
SENSOR,1,0, 0,
SENSOR,2,0, 0,
SENSOR,3,0, 0,
SENSOR,4,0, 0,
SENSOR,5,0, 0,
SENSOR,6,0, 0,
SENSOR,7,0, 0,
ODOMETRY,,-8.57E-05,0.09988248801,-0.001018143597
SENSOR,8,0.9169598595,-1.334762236,
SENSOR,2,4.098941177,-2.341016228,
SENSOR,5,4.630305931,-0.4704252537,
SENSOR,6,4.858605548,-1.486329057,
SENSOR,1,0, 0,
SENSOR,2,0, 0,
SENSOR,3,0, 0,
SENSOR,4,0, 0,
SENSOR,5,0, 0,
SENSOR,6,0, 0,
SENSOR,7,0, 0,
ODOMETRY,,-0.0001549005557,0.100071858,0.0004893557726
SENSOR,8,0.8545898548,-1.40262797,
SENSOR,2,4.071957384,-2.330705388,
SENSOR,5,4.478763291,-0.4353311391,
SENSOR,6,4.805101378,-1.536373787,
SENSOR,1,0, 0,
SENSOR,2,0, 0,
SENSOR,3,0, 0,
SENSOR,4,0, 0,
SENSOR,5,0, 0,
SENSOR,6,0, 0,
SENSOR,7,0, 0,
ODOMETRY,,0.0004870026414,0.1001375498,-0.0004448107397
SENSOR,8,0.9231504106,-1.428161248,
SENSOR,2,4.082833518,-2.414131205,
SENSOR,5,4.442232575,-0.5194681283,
SENSOR,6,4.958092639,-1.522357819,
SENSOR,1,0, 0,
SENSOR,2,0, 0,
SENSOR,3,0, 0,
SENSOR,4,0, 0,
SENSOR,5,0, 0,
SENSOR,6,0, 0,
SENSOR,7,0, 0,
ODOMETRY,,-0.0005627649357,0.09994772638,0.0001269063443
SENSOR,8,0.8158600128,-1.597883618,
SENSOR,2,4.125436297,-2.440953088,
SENSOR,5,4.335477238,-0.5151723825,
SENSOR,6,4.882716655,-1.620390733,
SENSOR,1,0, 0,
SENSOR,2,0, 0,
SENSOR,3,0, 0,
SENSOR,4,0, 0,
SENSOR,5,0, 0,
SENSOR,6,0, 0,
SENSOR,7,0, 0,
ODOMETRY,,0.0003743394292,0.0999534697,0.0002761688332
SENSOR,8,0.8185054233,-1.751263022,
SENSOR,2,4.265764144,-2.482518924,
SENSOR,5,4.267008775,-0.4755343026,
SENSOR,6,5.037111728,-1.617449587,
SENSOR,1,0, 0,
SENSOR,2,0, 0,
SENSOR,3,0, 0,
SENSOR,4,0, 0,
SENSOR,5,0, 0,
SENSOR,6,0, 0,
SENSOR,7,0, 0,
ODOMETRY,,0.0003120072708,0.09989349704,-0.000220776289
SENSOR,8,0.749678437,-1.837916138,
SENSOR,2,4.345994538,-2.434738411,
SENSOR,5,4.116294955,-0.4617993026,
SENSOR,6,4.821652501,-1.657080972,
SENSOR,1,0, 0,
SENSOR,2,0, 0,
SENSOR,3,0, 0,
SENSOR,4,0, 0,
SENSOR,5,0, 0,
SENSOR,6,0, 0,
SENSOR,7,0, 0,
ODOMETRY,,0.0002680883919,0.1000557808,-0.0006851025807
SENSOR,8,0.9304383981,-1.965422304,
SENSOR,2,4.233578559,-2.406786646,
SENSOR,5,4.084609554,-0.4939433558,
SENSOR,6,4.623350203,-1.619861263,
SENSOR,1,0, 0,
SENSOR,2,0, 0,
SENSOR,3,0, 0,
SENSOR,4,0, 0,
SENSOR,5,0, 0,
SENSOR,6,0, 0,
SENSOR,7,0, 0,
ODOMETRY,,-0.0002291716682,0.0998870397,0.0005701277694
SENSOR,8,1.15579374,-1.995906498,
SENSOR,2,4.589715741,-2.507727453,
SENSOR,5,4.03032807,-0.4547734445,
SENSOR,6,4.769439075,-1.736282395,
SENSOR,1,0, 0,
SENSOR,2,0, 0,
SENSOR,3,0, 0,
SENSOR,4,0, 0,
SENSOR,5,0, 0,
SENSOR,6,0, 0,
SENSOR,7,0, 0,
ODOMETRY,,-0.0008931558136,0.09999548506,-7.53E-05
SENSOR,8,1.037083606,-2.188918324,
SENSOR,2,4.421063276,-2.532328744,
SENSOR,5,4.041441188,-0.522891224,
SENSOR,6,5.044540862,-1.741024406,
SENSOR,1,0, 0,
SENSOR,2,0, 0,
SENSOR,3,0, 0,
SENSOR,4,0, 0,
SENSOR,5,0, 0,
SENSOR,6,0, 0,
SENSOR,7,0, 0,
ODOMETRY,,0.0003247854963,0.09987074279,-0.0005305443501
SENSOR,8,1.09222039,-2.173341603,
SENSOR,2,4.471450695,-2.488433725,
SENSOR,5,3.853505522,-0.5658796664,
SENSOR,6,5.023731063,-1.688523977,
SENSOR,1,0, 0,
SENSOR,2,0, 0,
SENSOR,3,0, 0,
SENSOR,4,0, 0,
SENSOR,5,0, 0,
SENSOR,6,0, 0,
SENSOR,7,0, 0,
ODOMETRY,,-0.0009596591483,0.1000315552,0.0001684984589
SENSOR,8,1.16381881,-2.227050646,
SENSOR,2,4.903726768,-2.443825599,
SENSOR,5,3.970954305,-0.4511933671,
SENSOR,6,4.972689016,-1.644516863,
SENSOR,1,0, 0,
SENSOR,2,0, 0,
SENSOR,3,0, 0,
SENSOR,4,0, 0,
SENSOR,5,0, 0,
SENSOR,6,0, 0,
SENSOR,7,0, 0,
ODOMETRY,,0.0001515438159,0.09997667575,0.00064778732
SENSOR,8,1.144030983,-2.408313249,
SENSOR,2,4.829671669,-2.538207889,
SENSOR,5,3.762508148,-0.4864426305,
SENSOR,6,4.915180677,-1.710893815,
SENSOR,1,0, 0,
SENSOR,2,0, 0,
SENSOR,3,0, 0,
SENSOR,4,0, 0,
SENSOR,5,0, 0,
SENSOR,6,0, 0,
SENSOR,7,0, 0,
ODOMETRY,,0.0001047146393,0.09981087537,4.95E-06
SENSOR,8,1.35824237,-2.429218655,
SENSOR,2,4.934704968,-2.528201258,
SENSOR,5,3.655790014,-0.5471852891,
SENSOR,6,4.721940532,-1.737247375,
SENSOR,1,0, 0,
SENSOR,2,0, 0,
SENSOR,3,0, 0,
SENSOR,4,0, 0,
SENSOR,5,0, 0,
SENSOR,6,0, 0,
SENSOR,7,0, 0,
ODOMETRY,,-0.0001835623869,0.09994670621,0.0005376345374
SENSOR,8,1.376175368,-2.507934817,
SENSOR,2,4.898298378,-2.550047759,
SENSOR,5,3.592956464,-0.6171057098,
SENSOR,6,4.732336128,-1.80338463,
SENSOR,1,0, 0,
SENSOR,2,0, 0,
SENSOR,3,0, 0,
SENSOR,4,0, 0,
SENSOR,5,0, 0,
SENSOR,6,0, 0,
SENSOR,7,0, 0,
ODOMETRY,,0.0001099860343,0.09991763271,0.0002868353606
SENSOR,8,1.517043279,-2.447600661,
SENSOR,5,3.465121602,-0.6766688551,
SENSOR,1,0, 0,
SENSOR,2,0, 0,
SENSOR,3,0, 0,
SENSOR,4,0, 0,
SENSOR,5,0, 0,
SENSOR,6,0, 0,
SENSOR,7,0, 0,
ODOMETRY,,-0.0002968794091,0.09989651124,0.0002437388523
SENSOR,8,1.574149225,-2.494447471,
SENSOR,5,3.31379665,-0.5994078649,
SENSOR,1,0, 0,
SENSOR,2,0, 0,
SENSOR,3,0, 0,
SENSOR,4,0, 0,
SENSOR,5,0, 0,
SENSOR,6,0, 0,
SENSOR,7,0, 0,
ODOMETRY,,-0.000367559835,0.09990567184,0.0002703979327
SENSOR,8,1.572781168,-2.542295135,
SENSOR,5,3.34504128,-0.607810221,
SENSOR,1,0, 0,
SENSOR,2,0, 0,
SENSOR,3,0, 0,
SENSOR,4,0, 0,
SENSOR,5,0, 0,
SENSOR,6,0, 0,
SENSOR,7,0, 0,
ODOMETRY,,-0.01033248201,0.100023765,-0.02076911977
SENSOR,8,1.624603223,-2.573571482,
SENSOR,5,3.200391505,-0.5994106745,
SENSOR,1,0, 0,
SENSOR,2,0, 0,
SENSOR,3,0, 0,
SENSOR,4,0, 0,
SENSOR,5,0, 0,
SENSOR,6,0, 0,
SENSOR,7,0, 0,
ODOMETRY,,-0.0100473024,0.1001037211,-0.01952915336
SENSOR,8,1.93258898,-2.562639807,
SENSOR,5,3.076268957,-0.5890703302,
SENSOR,1,0, 0,
SENSOR,2,0, 0,
SENSOR,3,0, 0,
SENSOR,4,0, 0,
SENSOR,5,0, 0,
SENSOR,6,0, 0,
SENSOR,7,0, 0,
ODOMETRY,,-0.01060179749,0.1001525017,-0.02023365403
SENSOR,8,1.731165555,-2.606888271,
SENSOR,5,2.998842465,-0.6354755499,
SENSOR,1,0, 0,
SENSOR,2,0, 0,
SENSOR,3,0, 0,
SENSOR,4,0, 0,
SENSOR,5,0, 0,
SENSOR,6,0, 0,
SENSOR,7,0, 0,
ODOMETRY,,-0.01050826737,0.0999199959,-0.01947461604
SENSOR,8,1.956075855,-2.583477279,
SENSOR,5,3.060075843,-0.6692917258,
SENSOR,1,0, 0,
SENSOR,2,0, 0,
SENSOR,3,0, 0,
SENSOR,4,0, 0,
SENSOR,5,0, 0,
SENSOR,6,0, 0,
SENSOR,7,0, 0,
ODOMETRY,,-0.009719515653,0.0999399183,-0.01977997263
SENSOR,8,2.066467848,-2.540544646,
SENSOR,5,2.726094749,-0.5814510789,
SENSOR,1,0, 0,
SENSOR,2,0, 0,
SENSOR,3,0, 0,
SENSOR,4,0, 0,
SENSOR,5,0, 0,
SENSOR,6,0, 0,
SENSOR,7,0, 0,
ODOMETRY,,-0.01026791522,0.09981206039,-0.01976411024
SENSOR,8,2.204956429,-2.596052811,
SENSOR,5,2.865499744,-0.5961137755,
SENSOR,1,0, 0,
SENSOR,2,0, 0,
SENSOR,3,0, 0,
SENSOR,4,0, 0,
SENSOR,5,0, 0,
SENSOR,6,0, 0,
SENSOR,7,0, 0,
ODOMETRY,,-0.009531974849,0.09998565096,-0.01864128916
SENSOR,8,2.31519516,-2.459728339,
SENSOR,5,2.683441151,-0.5985320157,
SENSOR,1,0, 0,
SENSOR,2,0, 0,
SENSOR,3,0, 0,
SENSOR,4,0, 0,
SENSOR,5,0, 0,
SENSOR,6,0, 0,
SENSOR,7,0, 0,
ODOMETRY,,-0.01058286469,0.09986389261,-0.01859709487
SENSOR,8,2.123274955,-2.458656798,
SENSOR,5,2.790248862,-0.566014416,
SENSOR,1,0, 0,
SENSOR,2,0, 0,
SENSOR,3,0, 0,
SENSOR,4,0, 0,
SENSOR,5,0, 0,
SENSOR,6,0, 0,
SENSOR,7,0, 0,
ODOMETRY,,-0.00912453136,0.09972505938,-0.02074148412
SENSOR,8,2.444523405,-2.524141503,
SENSOR,5,2.440108197,-0.5650336828,
SENSOR,1,0, 0,
SENSOR,2,0, 0,
SENSOR,3,0, 0,
SENSOR,4,0, 0,
SENSOR,5,0, 0,
SENSOR,6,0, 0,
SENSOR,7,0, 0,
ODOMETRY,,-0.01034000728,0.1000131282,-0.0204755862
SENSOR,8,2.42622267,-2.539215623,
SENSOR,5,2.388944037,-0.4449609536,
SENSOR,1,0, 0,
SENSOR,2,0, 0,
SENSOR,3,0, 0,
SENSOR,4,0, 0,
SENSOR,5,0, 0,
SENSOR,6,0, 0,
SENSOR,7,0, 0,
ODOMETRY,,-0.009101861189,0.09989501481,-0.01987448847
SENSOR,8,2.547647912,-2.638098412,
SENSOR,5,2.194446325,-0.5104862143,
SENSOR,1,0, 0,
SENSOR,2,0, 0,
SENSOR,3,0, 0,
SENSOR,4,0, 0,
SENSOR,5,0, 0,
SENSOR,6,0, 0,
SENSOR,7,0, 0,
ODOMETRY,,-0.01032114612,0.0999844693,-0.01948316722
SENSOR,8,2.598795112,-2.48707191,
SENSOR,5,2.249928244,-0.4932659188,
SENSOR,1,0, 0,
SENSOR,2,0, 0,
SENSOR,3,0, 0,
SENSOR,4,0, 0,
SENSOR,5,0, 0,
SENSOR,6,0, 0,
SENSOR,7,0, 0,
ODOMETRY,,-0.01035718973,0.09994346337,-0.0212360508
SENSOR,8,2.551033529,-2.524067258,
SENSOR,5,2.073970281,-0.5088282932,
SENSOR,1,0, 0,
SENSOR,2,0, 0,
SENSOR,3,0, 0,
SENSOR,4,0, 0,
SENSOR,5,0, 0,
SENSOR,6,0, 0,
SENSOR,7,0, 0,
ODOMETRY,,-0.009959007495,0.1001164806,-0.01972619862
SENSOR,8,2.651321314,-2.468607225,
SENSOR,5,2.14026162,-0.4521908972,
SENSOR,1,0, 0,
SENSOR,2,0, 0,
SENSOR,3,0, 0,
SENSOR,4,0, 0,
SENSOR,5,0, 0,
SENSOR,6,0, 0,
SENSOR,7,0, 0,
ODOMETRY,,-0.01079779966,0.1000506088,-0.01984281199
SENSOR,8,2.818887317,-2.521366969,
SENSOR,5,2.092066259,-0.4354556472,
SENSOR,1,0, 0,
SENSOR,2,0, 0,
SENSOR,3,0, 0,
SENSOR,4,0, 0,
SENSOR,5,0, 0,
SENSOR,6,0, 0,
SENSOR,7,0, 0,
ODOMETRY,,-0.009742707703,0.1001841124,-0.01993418929
SENSOR,8,2.97278438,-2.479914286,
SENSOR,5,1.968811962,-0.422209249,
SENSOR,1,0, 0,
SENSOR,2,0, 0,
SENSOR,3,0, 0,
SENSOR,4,0, 0,
SENSOR,5,0, 0,
SENSOR,6,0, 0,
SENSOR,7,0, 0,
ODOMETRY,,-0.009880698512,0.09983353688,-0.0205842283
SENSOR,8,2.858508521,-2.415983138,
SENSOR,4,4.938493964,-0.6192777482,
SENSOR,5,1.747614384,-0.5985901549,
SENSOR,1,0, 0,
SENSOR,2,0, 0,
SENSOR,3,0, 0,
SENSOR,4,0, 0,
SENSOR,5,0, 0,
SENSOR,6,0, 0,
SENSOR,7,0, 0,
ODOMETRY,,-0.01104104166,0.09998380167,-0.02037079189
SENSOR,8,3.150085427,-2.370646095,
SENSOR,4,4.908089784,-0.5145417635,
SENSOR,5,1.892086859,-0.4533395783,
SENSOR,1,0, 0,
SENSOR,2,0, 0,
SENSOR,3,0, 0,
SENSOR,4,0, 0,
SENSOR,5,0, 0,
SENSOR,6,0, 0,
SENSOR,7,0, 0,
ODOMETRY,,-0.01001395488,0.1000604502,-0.02072071823
SENSOR,8,3.098189781,-2.50726127,
SENSOR,4,4.773297705,-0.615434512,
SENSOR,5,1.605755007,-0.4057132354,
SENSOR,1,0, 0,
SENSOR,2,0, 0,
SENSOR,3,0, 0,
SENSOR,4,0, 0,
SENSOR,5,0, 0,
SENSOR,6,0, 0,
SENSOR,7,0, 0,
ODOMETRY,,-0.009466788391,0.09994596872,-0.0204541351
SENSOR,8,3.455199872,-2.484444823,
SENSOR,4,4.709649078,-0.6118076242,
SENSOR,5,1.591431947,-0.4808179033,
SENSOR,1,0, 0,
SENSOR,2,0, 0,
SENSOR,3,0, 0,
SENSOR,4,0, 0,
SENSOR,5,0, 0,
SENSOR,6,0, 0,
SENSOR,7,0, 0,
ODOMETRY,,-0.0101056362,0.1000067526,-0.02017349375
SENSOR,8,3.242581839,-2.473346987,
SENSOR,4,4.737213058,-0.5867895282,
SENSOR,5,1.43490365,-0.5019784144,
SENSOR,1,0, 0,
SENSOR,2,0, 0,
SENSOR,3,0, 0,
SENSOR,4,0, 0,
SENSOR,5,0, 0,
SENSOR,6,0, 0,
SENSOR,7,0, 0,
ODOMETRY,,-0.009624011559,0.1000445695,-0.01959923875
SENSOR,8,3.343228941,-2.435007526,
SENSOR,4,4.455152899,-0.4854371836,
SENSOR,5,1.466159383,-0.4833373304,
SENSOR,1,0, 0,
SENSOR,2,0, 0,
SENSOR,3,0, 0,
SENSOR,4,0, 0,
SENSOR,5,0, 0,
SENSOR,6,0, 0,
SENSOR,7,0, 0,
ODOMETRY,,-0.01061938262,0.09980934122,-0.01957316911
SENSOR,8,3.48911455,-2.410408902,
SENSOR,4,4.373075067,-0.5463591655,
SENSOR,5,1.353386543,-0.4933571334,
SENSOR,1,0, 0,
SENSOR,2,0, 0,
SENSOR,3,0, 0,
SENSOR,4,0, 0,
SENSOR,5,0, 0,
SENSOR,6,0, 0,
SENSOR,7,0, 0,
ODOMETRY,,-0.01027069723,0.1001036134,-0.019854696
SENSOR,8,3.500257257,-2.421061588,
SENSOR,4,4.37801879,-0.5062837033,
SENSOR,5,1.137073042,-0.4701774992,
SENSOR,1,0, 0,
SENSOR,2,0, 0,
SENSOR,3,0, 0,
SENSOR,4,0, 0,
SENSOR,5,0, 0,
SENSOR,6,0, 0,
SENSOR,7,0, 0,
ODOMETRY,,-0.009399067601,0.09999158177,-0.02102297024
SENSOR,8,3.546649396,-2.441374116,
SENSOR,4,4.270170171,-0.5393538158,
SENSOR,5,1.23093477,-0.5618874189,
SENSOR,1,0, 0,
SENSOR,2,0, 0,
SENSOR,3,0, 0,
SENSOR,4,0, 0,
SENSOR,5,0, 0,
SENSOR,6,0, 0,
SENSOR,7,0, 0,
ODOMETRY,,-0.01011571371,0.1000961712,-0.01980239691
SENSOR,8,3.813558763,-2.380965346,
SENSOR,4,4.229884784,-0.5546966544,
SENSOR,5,1.062038241,-0.5184355571,
SENSOR,1,0, 0,
SENSOR,2,0, 0,
SENSOR,3,0, 0,
SENSOR,4,0, 0,
SENSOR,5,0, 0,
SENSOR,6,0, 0,
SENSOR,7,0, 0,
ODOMETRY,,-0.0100490993,0.09998301296,-0.01837217497
SENSOR,8,3.82081326,-2.412251506,
SENSOR,4,4.024702743,-0.362680492,
SENSOR,5,1.097026908,-0.5208301826,
SENSOR,1,0, 0,
SENSOR,2,0, 0,
SENSOR,3,0, 0,
SENSOR,4,0, 0,
SENSOR,5,0, 0,
SENSOR,6,0, 0,
SENSOR,7,0, 0,
ODOMETRY,,-0.01044991388,0.09984881488,-0.01998849957
SENSOR,8,3.9412668,-2.324290596,
SENSOR,4,3.823906104,-0.4308933398,
SENSOR,5,0.8270372067,-0.5330984013,
SENSOR,1,0, 0,
SENSOR,2,0, 0,
SENSOR,3,0, 0,
SENSOR,4,0, 0,
SENSOR,5,0, 0,
SENSOR,6,0, 0,
SENSOR,7,0, 0,
ODOMETRY,,-0.01052572215,0.1001112995,-0.0188815785
SENSOR,8,4.043673888,-2.410797492,
SENSOR,4,3.936379395,-0.4488637881,
SENSOR,5,1.001399075,-0.6363372777,
SENSOR,1,0, 0,
SENSOR,2,0, 0,
SENSOR,3,0, 0,
SENSOR,4,0, 0,
SENSOR,5,0, 0,
SENSOR,6,0, 0,
SENSOR,7,0, 0,
ODOMETRY,,-0.00986761939,0.1000298264,-0.02016377327
SENSOR,8,4.078607925,-2.279197128,
SENSOR,4,3.807279932,-0.373263933,
SENSOR,5,0.6276894706,-0.6762363354,
SENSOR,1,0, 0,
SENSOR,2,0, 0,
SENSOR,3,0, 0,
SENSOR,4,0, 0,
SENSOR,5,0, 0,
SENSOR,6,0, 0,
SENSOR,7,0, 0,
ODOMETRY,,-0.009777359421,0.09994829668,-0.02002174736
SENSOR,8,4.176313176,-2.361201295,
SENSOR,4,3.737202029,-0.4913954329,
SENSOR,5,0.4488594452,-0.7635077645,
SENSOR,1,0, 0,
SENSOR,2,0, 0,
SENSOR,3,0, 0,
SENSOR,4,0, 0,
SENSOR,5,0, 0,
SENSOR,6,0, 0,
SENSOR,7,0, 0,
ODOMETRY,,-0.01059281178,0.09983502328,-0.0202062649
SENSOR,8,4.101634992,-2.263061348,
SENSOR,4,3.726921663,-0.3685598666,
SENSOR,5,0.6877505298,-0.7757940404,
SENSOR,1,0, 0,
SENSOR,2,0, 0,
SENSOR,3,0, 0,
SENSOR,4,0, 0,
SENSOR,5,0, 0,
SENSOR,6,0, 0,
SENSOR,7,0, 0,
ODOMETRY,,-0.01014979384,0.09994375219,-0.02059541701
SENSOR,8,4.164961825,-2.360050075,
SENSOR,4,3.542173867,-0.4100555683,
SENSOR,5,0.4974103708,-0.8760534532,
SENSOR,1,0, 0,
SENSOR,2,0, 0,
SENSOR,3,0, 0,
SENSOR,4,0, 0,
SENSOR,5,0, 0,
SENSOR,6,0, 0,
SENSOR,7,0, 0,
ODOMETRY,,-0.009913583279,0.09988294275,-0.01954883685
SENSOR,8,4.3808528,-2.251374838,
SENSOR,4,3.459775438,-0.3059529647,
SENSOR,5,0.4486942273,-1.033298714,
SENSOR,1,0, 0,
SENSOR,2,0, 0,
SENSOR,3,0, 0,
SENSOR,4,0, 0,
SENSOR,5,0, 0,
SENSOR,6,0, 0,
SENSOR,7,0, 0,
ODOMETRY,,-0.00987372377,0.1001571576,-0.02019315072
SENSOR,8,4.402631411,-2.316844381,
SENSOR,4,3.282122872,-0.3491459763,
SENSOR,5,0.4360352526,-1.216236745,
SENSOR,1,0, 0,
SENSOR,2,0, 0,
SENSOR,3,0, 0,
SENSOR,4,0, 0,
SENSOR,5,0, 0,
SENSOR,6,0, 0,
SENSOR,7,0, 0,
ODOMETRY,,-0.00963277235,0.1001525312,-0.02080286213
SENSOR,8,4.440062769,-2.258837779,
SENSOR,4,3.349733043,-0.3418590904,
SENSOR,5,0.3111755541,-1.556671762,
SENSOR,1,0, 0,
SENSOR,2,0, 0,
SENSOR,3,0, 0,
SENSOR,4,0, 0,
SENSOR,5,0, 0,
SENSOR,6,0, 0,
SENSOR,7,0, 0,
ODOMETRY,,-0.01032507036,0.1000409738,-0.01969911233
SENSOR,8,4.528168749,-2.294290145,
SENSOR,4,3.219854773,-0.2235259294,
SENSOR,5,0.4366687931,-1.771700855,
SENSOR,1,0, 0,
SENSOR,2,0, 0,
SENSOR,3,0, 0,
SENSOR,4,0, 0,
SENSOR,5,0, 0,
SENSOR,6,0, 0,
SENSOR,7,0, 0,
ODOMETRY,,-0.01016193479,0.1000561244,-0.01940770423
SENSOR,8,4.355753554,-2.221399525,
SENSOR,4,3.092184017,-0.3034953316,
SENSOR,5,0.3756257197,-1.950421848,
SENSOR,1,0, 0,
SENSOR,2,0, 0,
SENSOR,3,0, 0,
SENSOR,4,0, 0,
SENSOR,5,0, 0,
SENSOR,6,0, 0,
SENSOR,7,0, 0,
ODOMETRY,,-0.009300075588,0.1000324113,-0.01973821946
SENSOR,8,4.637881439,-2.214033139,
SENSOR,4,3.069270686,-0.1513452881,
SENSOR,5,0.4418079384,-2.159508038,
SENSOR,1,0, 0,
SENSOR,2,0, 0,
SENSOR,3,0, 0,
SENSOR,4,0, 0,
SENSOR,5,0, 0,
SENSOR,6,0, 0,
SENSOR,7,0, 0,
ODOMETRY,,-0.009646264243,0.09999971892,-0.02116243105
SENSOR,8,4.715566583,-2.231236066,
SENSOR,4,2.828085813,-0.1465050009,
SENSOR,5,0.4903059031,-2.236580813,
SENSOR,1,0, 0,
SENSOR,2,0, 0,
SENSOR,3,0, 0,
SENSOR,4,0, 0,
SENSOR,5,0, 0,
SENSOR,6,0, 0,
SENSOR,7,0, 0,
ODOMETRY,,-0.009233191042,0.09996536806,-0.0201333109
SENSOR,8,4.942033952,-2.216733001,
SENSOR,4,2.741746174,-0.1780269786,
SENSOR,5,0.4541818863,-2.348551449,
SENSOR,1,0, 0,
SENSOR,2,0, 0,
SENSOR,3,0, 0,
SENSOR,4,0, 0,
SENSOR,5,0, 0,
SENSOR,6,0, 0,
SENSOR,7,0, 0,
ODOMETRY,,-0.009729367723,0.09980646487,-0.02059377696
SENSOR,8,4.843156845,-2.186158013,
SENSOR,4,2.659674877,-0.1519191867,
SENSOR,5,0.5656078335,-2.391471226,
SENSOR,1,0, 0,
SENSOR,2,0, 0,
SENSOR,3,0, 0,
SENSOR,4,0, 0,
SENSOR,5,0, 0,
SENSOR,6,0, 0,
SENSOR,7,0, 0,
ODOMETRY,,-0.009438966445,0.09999610464,-0.02149931658
SENSOR,8,4.764780737,-2.197969032,
SENSOR,4,2.476749894,-0.1886136809,
SENSOR,5,0.6422651306,-2.493520963,
SENSOR,1,0, 0,
SENSOR,2,0, 0,
SENSOR,3,0, 0,
SENSOR,4,0, 0,
SENSOR,5,0, 0,
SENSOR,6,0, 0,
SENSOR,7,0, 0,
ODOMETRY,,-0.01040561211,0.09983110546,-0.01907663748
SENSOR,8,4.931643571,-2.138543653,
SENSOR,4,2.378186567,-0.1006069818,
SENSOR,5,0.79587481,-2.539935323,
SENSOR,1,0, 0,
SENSOR,2,0, 0,
SENSOR,3,0, 0,
SENSOR,4,0, 0,
SENSOR,5,0, 0,
SENSOR,6,0, 0,
SENSOR,7,0, 0,
ODOMETRY,,-0.009893631109,0.09990582821,-0.02106316276
SENSOR,8,5.025136357,-2.197278481,
SENSOR,4,2.261468934,-0.1083645022,
SENSOR,5,0.9569197861,-2.616834393,
SENSOR,1,0, 0,
SENSOR,2,0, 0,
SENSOR,3,0, 0,
SENSOR,4,0, 0,
SENSOR,5,0, 0,
SENSOR,6,0, 0,
SENSOR,7,0, 0,
ODOMETRY,,-0.01026234704,0.09980925166,-0.01957395407
SENSOR,8,4.933330872,-2.077385011,
SENSOR,4,2.371406524,-0.05147710692,
SENSOR,5,0.819293749,-2.600250371,
SENSOR,1,0, 0,
SENSOR,2,0, 0,
SENSOR,3,0, 0,
SENSOR,4,0, 0,
SENSOR,5,0, 0,
SENSOR,6,0, 0,
SENSOR,7,0, 0,
ODOMETRY,,-0.01007655008,0.100074307,-0.01987987295
SENSOR,4,2.218054032,-0.1548275191,
SENSOR,5,1.08884181,-2.633444773,
SENSOR,1,0, 0,
SENSOR,2,0, 0,
SENSOR,3,0, 0,
SENSOR,4,0, 0,
SENSOR,5,0, 0,
SENSOR,6,0, 0,
SENSOR,7,0, 0,
ODOMETRY,,-0.009497612299,0.09991960152,-0.01985882967
SENSOR,4,2.063990169,-0.04671911426,
SENSOR,5,1.093949416,-2.683730228,
SENSOR,1,0, 0,
SENSOR,2,0, 0,
SENSOR,3,0, 0,
SENSOR,4,0, 0,
SENSOR,5,0, 0,
SENSOR,6,0, 0,
SENSOR,7,0, 0,
ODOMETRY,,-0.01012441383,0.0998320253,-0.01936929694
SENSOR,4,1.870869339,-0.005372192264,
SENSOR,5,1.239461077,-2.693818829,
SENSOR,1,0, 0,
SENSOR,2,0, 0,
SENSOR,3,0, 0,
SENSOR,4,0, 0,
SENSOR,5,0, 0,
SENSOR,6,0, 0,
SENSOR,7,0, 0,
ODOMETRY,,-0.01037135055,0.1000257817,-0.01910308115
SENSOR,3,4.92632037,-0.2785129917,
SENSOR,4,2.011252472,0.106085277,
SENSOR,5,1.478401709,-2.57720498,
SENSOR,1,0, 0,
SENSOR,2,0, 0,
SENSOR,3,0, 0,
SENSOR,4,0, 0,
SENSOR,5,0, 0,
SENSOR,6,0, 0,
SENSOR,7,0, 0,
ODOMETRY,,-0.01028421913,0.1000463807,-0.02066232827
SENSOR,3,4.807467903,-0.2707672041,
SENSOR,4,1.738268504,0.09627628068,
SENSOR,5,1.436110624,-2.698477843,
SENSOR,1,0, 0,
SENSOR,2,0, 0,
SENSOR,3,0, 0,
SENSOR,4,0, 0,
SENSOR,5,0, 0,
SENSOR,6,0, 0,
SENSOR,7,0, 0,
ODOMETRY,,-0.000133815906,0.09998149995,0.0003012184824
SENSOR,3,4.654628901,-0.320057148,
SENSOR,4,1.655563633,0.08344684748,
SENSOR,5,1.53893765,-2.747399839,
SENSOR,1,0, 0,
SENSOR,2,0, 0,
SENSOR,3,0, 0,
SENSOR,4,0, 0,
SENSOR,5,0, 0,
SENSOR,6,0, 0,
SENSOR,7,0, 0,
ODOMETRY,,0.0001747825435,0.1000616435,-0.0003723577272
SENSOR,3,4.74522468,-0.1533621501,
SENSOR,4,1.630435617,0.1108310946,
SENSOR,5,1.557849337,-2.785193782,
SENSOR,1,0, 0,
SENSOR,2,0, 0,
SENSOR,3,0, 0,
SENSOR,4,0, 0,
SENSOR,5,0, 0,
SENSOR,6,0, 0,
SENSOR,7,0, 0,
ODOMETRY,,-0.0003728800376,0.09999522647,-0.0009025392244
SENSOR,3,4.365586401,-0.2383315126,
SENSOR,4,1.529526251,0.1051061163,
SENSOR,5,1.6008634,-2.706510836,
SENSOR,6,5.072149831,-1.327565166,
SENSOR,1,0, 0,
SENSOR,2,0, 0,
SENSOR,3,0, 0,
SENSOR,4,0, 0,
SENSOR,5,0, 0,
SENSOR,6,0, 0,
SENSOR,7,0, 0,
ODOMETRY,,6.49E-05,0.09990282163,-7.26E-05
SENSOR,3,4.365260787,-0.1885690732,
SENSOR,4,1.453899905,0.05594501076,
SENSOR,5,1.881193324,-2.717087695,
SENSOR,6,4.809042828,-1.370571348,
SENSOR,1,0, 0,
SENSOR,2,0, 0,
SENSOR,3,0, 0,
SENSOR,4,0, 0,
SENSOR,5,0, 0,
SENSOR,6,0, 0,
SENSOR,7,0, 0,
ODOMETRY,,0.0006897293209,0.1000103368,-0.0007843118215
SENSOR,3,4.403664369,-0.2075380506,
SENSOR,4,1.163907948,0.1055748106,
SENSOR,5,1.915001659,-2.758080834,
SENSOR,6,4.988491245,-1.387508262,
SENSOR,1,0, 0,
SENSOR,2,0, 0,
SENSOR,3,0, 0,
SENSOR,4,0, 0,
SENSOR,5,0, 0,
SENSOR,6,0, 0,
SENSOR,7,0, 0,
ODOMETRY,,-0.0003955944133,0.09988441006,0.0002477505918
SENSOR,3,4.253737404,-0.2871042913,
SENSOR,4,1.144987793,0.1381579624,
SENSOR,5,2.082624455,-2.841341318,
SENSOR,6,4.744732472,-1.346755438,
SENSOR,1,0, 0,
SENSOR,2,0, 0,
SENSOR,3,0, 0,
SENSOR,4,0, 0,
SENSOR,5,0, 0,
SENSOR,6,0, 0,
SENSOR,7,0, 0,
ODOMETRY,,0.0003040450082,0.1001241899,0.0003709842823
SENSOR,3,4.243455145,-0.2593878564,
SENSOR,4,1.286877029,0.05631316863,
SENSOR,5,1.990549274,-2.796061363,
SENSOR,6,5.064616128,-1.390256785,
SENSOR,1,0, 0,
SENSOR,2,0, 0,
SENSOR,3,0, 0,
SENSOR,4,0, 0,
SENSOR,5,0, 0,
SENSOR,6,0, 0,
SENSOR,7,0, 0,
ODOMETRY,,0.0001353530674,0.09987104564,-0.0006889300428
SENSOR,3,4.068850242,-0.3100242202,
SENSOR,4,0.780524492,0.1718654842,
SENSOR,5,2.147437175,-2.823971543,
SENSOR,6,5.043172376,-1.461725696,
SENSOR,1,0, 0,
SENSOR,2,0, 0,
SENSOR,3,0, 0,
SENSOR,4,0, 0,
SENSOR,5,0, 0,
SENSOR,6,0, 0,
SENSOR,7,0, 0,
ODOMETRY,,0.0005501294109,0.09995955321,0.0008993212116
SENSOR,3,4.025980757,-0.2321171748,
SENSOR,4,1.006686957,0.2589350692,
SENSOR,5,2.099537234,-2.88981508,
SENSOR,6,4.926161356,-1.348415886,
SENSOR,1,0, 0,
SENSOR,2,0, 0,
SENSOR,3,0, 0,
SENSOR,4,0, 0,
SENSOR,5,0, 0,
SENSOR,6,0, 0,
SENSOR,7,0, 0,
ODOMETRY,,0.0001133384833,0.09988745426,-0.0001424567507
SENSOR,3,3.978597712,-0.257296829,
SENSOR,4,0.8264423908,0.1973201446,
SENSOR,5,2.386453632,-2.905202454,
SENSOR,6,4.931374541,-1.572653833,
SENSOR,1,0, 0,
SENSOR,2,0, 0,
SENSOR,3,0, 0,
SENSOR,4,0, 0,
SENSOR,5,0, 0,
SENSOR,6,0, 0,
SENSOR,7,0, 0,
ODOMETRY,,5.78E-05,0.1001251351,0.000240023615
SENSOR,3,3.700601132,-0.2324963186,
SENSOR,4,0.9162970717,0.2308085062,
SENSOR,5,2.470630436,-2.85832834,
SENSOR,6,4.773881447,-1.450441879,
SENSOR,1,0, 0,
SENSOR,2,0, 0,
SENSOR,3,0, 0,
SENSOR,4,0, 0,
SENSOR,5,0, 0,
SENSOR,6,0, 0,
SENSOR,7,0, 0,
ODOMETRY,,-0.0003033221738,0.1002034636,-0.001034147103
SENSOR,3,3.671210517,-0.3592635586,
SENSOR,4,0.717528271,0.1830595555,
SENSOR,5,2.523151254,-2.928790271,
SENSOR,6,4.937636504,-1.536682159,
SENSOR,1,0, 0,
SENSOR,2,0, 0,
SENSOR,3,0, 0,
SENSOR,4,0, 0,
SENSOR,5,0, 0,
SENSOR,6,0, 0,
SENSOR,7,0, 0,
ODOMETRY,,0.0006716354596,0.09990646309,-0.0004917491702
SENSOR,3,3.541008839,-0.2202131883,
SENSOR,4,0.4522414937,0.3163026685,
SENSOR,5,2.677884909,-2.905166259,
SENSOR,6,4.915768843,-1.558534404,
SENSOR,1,0, 0,
SENSOR,2,0, 0,
SENSOR,3,0, 0,
SENSOR,4,0, 0,
SENSOR,5,0, 0,
SENSOR,6,0, 0,
SENSOR,7,0, 0,
ODOMETRY,,-0.0001063639342,0.100131215,-0.0007763317708
SENSOR,3,3.418850131,-0.3468752932,
SENSOR,4,0.3744766545,0.422673685,
SENSOR,5,2.789954114,-2.83691725,
SENSOR,6,4.807806722,-1.531282058,
SENSOR,1,0, 0,
SENSOR,2,0, 0,
SENSOR,3,0, 0,
SENSOR,4,0, 0,
SENSOR,5,0, 0,
SENSOR,6,0, 0,
SENSOR,7,0, 0,
ODOMETRY,,0.0003169529561,0.09994621259,-0.0001787640608
SENSOR,3,3.379489168,-0.2860284465,
SENSOR,4,0.2566515951,0.4777826326,
SENSOR,5,2.905283603,-2.894165004,
SENSOR,6,4.935394359,-1.525477725,
SENSOR,1,0, 0,
SENSOR,2,0, 0,
SENSOR,3,0, 0,
SENSOR,4,0, 0,
SENSOR,5,0, 0,
SENSOR,6,0, 0,
SENSOR,7,0, 0,
ODOMETRY,,-2.08E-05,0.1001221023,-0.0001950610869
SENSOR,3,3.38872128,-0.3143700659,
SENSOR,4,0.3325320741,0.6084934591,
SENSOR,5,2.753872886,-2.961553824,
SENSOR,6,4.890631348,-1.516168124,
SENSOR,1,0, 0,
SENSOR,2,0, 0,
SENSOR,3,0, 0,
SENSOR,4,0, 0,
SENSOR,5,0, 0,
SENSOR,6,0, 0,
SENSOR,7,0, 0,
ODOMETRY,,-0.0004955081802,0.1000756011,0.0001371622809
SENSOR,3,3.199277207,-0.3162813356,
SENSOR,4,0.1296531187,0.9581035497,
SENSOR,5,3.009890299,-2.936136645,
SENSOR,6,4.733566952,-1.61977624,
SENSOR,1,0, 0,
SENSOR,2,0, 0,
SENSOR,3,0, 0,
SENSOR,4,0, 0,
SENSOR,5,0, 0,
SENSOR,6,0, 0,
SENSOR,7,0, 0,
ODOMETRY,,0.0007246345049,0.1000393245,0.0002165781264
SENSOR,3,3.10488681,-0.2873485338,
SENSOR,4,0.06454745805,1.561589568,
SENSOR,5,3.235405801,-2.909387925,
SENSOR,6,4.677994995,-1.652351806,
SENSOR,1,0, 0,
SENSOR,2,0, 0,
SENSOR,3,0, 0,
SENSOR,4,0, 0,
SENSOR,5,0, 0,
SENSOR,6,0, 0,
SENSOR,7,0, 0,
ODOMETRY,,-0.0001811567504,0.09993152191,0.0008761232998
SENSOR,3,3.009547771,-0.3207360304,
SENSOR,4,0.2059076756,2.219750667,
SENSOR,5,3.183263937,-2.851687455,
SENSOR,6,4.698387759,-1.680467667,
SENSOR,1,0, 0,
SENSOR,2,0, 0,
SENSOR,3,0, 0,
SENSOR,4,0, 0,
SENSOR,5,0, 0,
SENSOR,6,0, 0,
SENSOR,7,0, 0,
ODOMETRY,,0.0001717108685,0.1000186576,0.0001939771443
SENSOR,3,2.965612778,-0.3121623735,
SENSOR,4,0.2988208809,2.474686599,
SENSOR,5,3.265091376,-2.964855412,
SENSOR,6,5.063631056,-1.648726437,
SENSOR,1,0, 0,
SENSOR,2,0, 0,
SENSOR,3,0, 0,
SENSOR,4,0, 0,
SENSOR,5,0, 0,
SENSOR,6,0, 0,
SENSOR,7,0, 0,
ODOMETRY,,-0.0006842515419,0.1001506456,0.0001184000533
SENSOR,3,2.861370598,-0.3384517651,
SENSOR,4,0.2272122861,2.730297396,
SENSOR,5,3.334895927,-2.921602032,
SENSOR,6,4.884694782,-1.642698997,
SENSOR,1,0, 0,
SENSOR,2,0, 0,
SENSOR,3,0, 0,
SENSOR,4,0, 0,
SENSOR,5,0, 0,
SENSOR,6,0, 0,
SENSOR,7,0, 0,
ODOMETRY,,0.0006973485854,0.1000059228,-6.22E-05
SENSOR,3,2.73495458,-0.4344199012,
SENSOR,4,0.2003472451,2.865177832,
SENSOR,5,3.473660713,-2.975899932,
SENSOR,6,4.876361948,-1.687288604,
SENSOR,1,0, 0,
SENSOR,2,0, 0,
SENSOR,3,0, 0,
SENSOR,4,0, 0,
SENSOR,5,0, 0,
SENSOR,6,0, 0,
SENSOR,7,0, 0,
ODOMETRY,,1.85E-05,0.09997304674,0.0002869138025
SENSOR,3,2.817848208,-0.4051635809,
SENSOR,4,0.4780668518,2.845187482,
SENSOR,5,3.642727803,-2.985674006,
SENSOR,6,4.881239959,-1.736752637,
SENSOR,1,0, 0,
SENSOR,2,0, 0,
SENSOR,3,0, 0,
SENSOR,4,0, 0,
SENSOR,5,0, 0,
SENSOR,6,0, 0,
SENSOR,7,0, 0,
ODOMETRY,,0.0002926393967,0.09998757904,-0.000418810751
SENSOR,3,2.312332035,-0.3860642486,
SENSOR,4,0.6396836622,2.933699935,
SENSOR,5,3.909917731,-2.901535645,
SENSOR,6,5.063814962,-1.756265536,
SENSOR,1,0, 0,
SENSOR,2,0, 0,
SENSOR,3,0, 0,
SENSOR,4,0, 0,
SENSOR,5,0, 0,
SENSOR,6,0, 0,
SENSOR,7,0, 0,
ODOMETRY,,0.001052790888,0.09989735845,0.0004662410058
SENSOR,3,2.45383166,-0.3394706072,
SENSOR,4,0.7721263133,2.922601863,
SENSOR,5,3.823921923,-2.915092918,
SENSOR,6,5.083314268,-1.711269959,
SENSOR,1,0, 0,
SENSOR,2,0, 0,
SENSOR,3,0, 0,
SENSOR,4,0, 0,
SENSOR,5,0, 0,
SENSOR,6,0, 0,
SENSOR,7,0, 0,
ODOMETRY,,0.0007828765703,0.1000923106,0.0001869014344
SENSOR,3,2.336401608,-0.4359849694,
SENSOR,4,0.9078495038,2.991326854,
SENSOR,5,3.862327833,-2.948558087,
SENSOR,6,4.869746901,-1.824621212,
SENSOR,1,0, 0,
SENSOR,2,0, 0,
SENSOR,3,0, 0,
SENSOR,4,0, 0,
SENSOR,5,0, 0,
SENSOR,6,0, 0,
SENSOR,7,0, 0,
ODOMETRY,,-3.67E-05,0.1001252045,-0.0003012918194
SENSOR,3,2.264315422,-0.4402756149,
SENSOR,4,0.9229360737,2.983445397,
SENSOR,5,4.052310687,-2.937271431,
SENSOR,6,4.994651806,-1.789056072,
SENSOR,1,0, 0,
SENSOR,2,0, 0,
SENSOR,3,0, 0,
SENSOR,4,0, 0,
SENSOR,5,0, 0,
SENSOR,6,0, 0,
SENSOR,7,0, 0,
ODOMETRY,,0.0001021179877,0.09989659965,0.0009267383523
SENSOR,3,2.150312938,-0.4836653383,
SENSOR,4,0.9817664124,2.994927912,
SENSOR,5,4.228045859,-3.005214466,
SENSOR,1,0, 0,
SENSOR,2,0, 0,
SENSOR,3,0, 0,
SENSOR,4,0, 0,
SENSOR,5,0, 0,
SENSOR,6,0, 0,
SENSOR,7,0, 0,
ODOMETRY,,-0.0002603392511,0.09996121689,-0.0002147617136
SENSOR,7,5.129682798,-1.398523763,
SENSOR,3,2.206836635,-0.5536640015,
SENSOR,4,1.054490872,3.0186926,
SENSOR,5,4.101442833,-3.005100606,
SENSOR,1,0, 0,
SENSOR,2,0, 0,
SENSOR,3,0, 0,
SENSOR,4,0, 0,
SENSOR,5,0, 0,
SENSOR,6,0, 0,
SENSOR,7,0, 0,
ODOMETRY,,0.0003102324121,0.1000473434,0.0001388138057
SENSOR,7,5.232198001,-1.566944196,
SENSOR,3,1.885459736,-0.5293546599,
SENSOR,4,1.408548746,3.03484964,
SENSOR,5,4.297364374,-2.881726973,
SENSOR,1,0, 0,
SENSOR,2,0, 0,
SENSOR,3,0, 0,
SENSOR,4,0, 0,
SENSOR,5,0, 0,
SENSOR,6,0, 0,
SENSOR,7,0, 0,
ODOMETRY,,-0.0007259341555,0.1000221752,0.0007259746106
SENSOR,7,4.981995115,-1.533951456,
SENSOR,3,1.879831705,-0.5468316596,
SENSOR,4,1.438341933,3.076074865,
SENSOR,5,4.54494577,-2.993890594,
SENSOR,1,0, 0,
SENSOR,2,0, 0,
SENSOR,3,0, 0,
SENSOR,4,0, 0,
SENSOR,5,0, 0,
SENSOR,6,0, 0,
SENSOR,7,0, 0,
ODOMETRY,,0.0002254502836,0.09976948109,-5.61E-05
SENSOR,7,5.052423907,-1.435488249,
SENSOR,3,1.84900078,-0.5280679313,
SENSOR,4,1.376090966,2.986555979,
SENSOR,5,4.491286329,-2.980443534,
SENSOR,1,0, 0,
SENSOR,2,0, 0,
SENSOR,3,0, 0,
SENSOR,4,0, 0,
SENSOR,5,0, 0,
SENSOR,6,0, 0,
SENSOR,7,0, 0,
ODOMETRY,,0.0001011981133,0.09999812359,-4.72E-05
SENSOR,7,5.070217552,-1.487079256,
SENSOR,3,1.866625359,-0.5702960996,
SENSOR,4,1.586842527,3.078585865,
SENSOR,5,4.683647408,-3.060451652,
SENSOR,1,0, 0,
SENSOR,2,0, 0,
SENSOR,3,0, 0,
SENSOR,4,0, 0,
SENSOR,5,0, 0,
SENSOR,6,0, 0,
SENSOR,7,0, 0,
ODOMETRY,,-0.0005744665542,0.09987420878,-0.0008784342772
SENSOR,7,5.056410025,-1.53730747,
SENSOR,3,1.749239573,-0.685872633,
SENSOR,4,1.602074501,3.103005198,
SENSOR,5,4.638142272,-2.953338047,
SENSOR,1,0, 0,
SENSOR,2,0, 0,
SENSOR,3,0, 0,
SENSOR,4,0, 0,
SENSOR,5,0, 0,
SENSOR,6,0, 0,
SENSOR,7,0, 0,
ODOMETRY,,0.001351628318,0.09994085258,-0.0005544275047
SENSOR,7,4.940277223,-1.468798667,
SENSOR,3,1.447416368,-0.7654173098,
SENSOR,4,1.661638626,3.070684663,
SENSOR,5,4.827966751,-2.98702515,
SENSOR,1,0, 0,
SENSOR,2,0, 0,
SENSOR,3,0, 0,
SENSOR,4,0, 0,
SENSOR,5,0, 0,
SENSOR,6,0, 0,
SENSOR,7,0, 0,
ODOMETRY,,0.0004349109033,0.099944624,-0.000263683977
SENSOR,7,5.101813525,-1.599409019,
SENSOR,3,1.515308203,-0.7145552169,
SENSOR,4,1.789315443,3.043155813,
SENSOR,5,4.978541703,-2.966489433,
SENSOR,1,0, 0,
SENSOR,2,0, 0,
SENSOR,3,0, 0,
SENSOR,4,0, 0,
SENSOR,5,0, 0,
SENSOR,6,0, 0,
SENSOR,7,0, 0,
ODOMETRY,,0.0006168309984,0.09982669303,0.0009644868832
SENSOR,7,4.943513881,-1.632495669,
SENSOR,3,1.485036626,-0.7645758198,
SENSOR,4,1.917207216,3.01407135,
SENSOR,1,0, 0,
SENSOR,2,0, 0,
SENSOR,3,0, 0,
SENSOR,4,0, 0,
SENSOR,5,0, 0,
SENSOR,6,0, 0,
SENSOR,7,0, 0,
ODOMETRY,,-7.48E-05,0.1000515295,-0.0001352538263
SENSOR,7,5.156388536,-1.632177104,
SENSOR,3,1.387279323,-0.8567908006,
SENSOR,4,2.088376822,3.003588858,
SENSOR,1,0, 0,
SENSOR,2,0, 0,
SENSOR,3,0, 0,
SENSOR,4,0, 0,
SENSOR,5,0, 0,
SENSOR,6,0, 0,
SENSOR,7,0, 0,
ODOMETRY,,-0.0001096145733,0.1000764584,-0.0003764931641
SENSOR,7,5.033959575,-1.590274525,
SENSOR,3,1.245313968,-0.9248003559,
SENSOR,4,2.077262317,3.138488813,
SENSOR,1,0, 0,
SENSOR,2,0, 0,
SENSOR,3,0, 0,
SENSOR,4,0, 0,
SENSOR,5,0, 0,
SENSOR,6,0, 0,
SENSOR,7,0, 0,
ODOMETRY,,0.0003275779736,0.09992659422,7.36E-05
SENSOR,7,4.910068639,-1.718920081,
SENSOR,3,1.217659639,-0.9141061586,
SENSOR,4,2.27796331,3.099218811,
SENSOR,1,0, 0,
SENSOR,2,0, 0,
SENSOR,3,0, 0,
SENSOR,4,0, 0,
SENSOR,5,0, 0,
SENSOR,6,0, 0,
SENSOR,7,0, 0,
ODOMETRY,,0.0004489565865,0.1001465935,-0.000267874285
SENSOR,3,1.18729641,-1.032819892,
SENSOR,4,2.405539324,3.062608986,
SENSOR,1,0, 0,
SENSOR,2,0, 0,
SENSOR,3,0, 0,
SENSOR,4,0, 0,
SENSOR,5,0, 0,
SENSOR,6,0, 0,
SENSOR,7,0, 0,
ODOMETRY,,0.0003643339004,0.1000424123,0.0001126169665
SENSOR,3,0.9624878789,-1.038674021,
SENSOR,4,2.285551504,3.061710135,
SENSOR,1,0, 0,
SENSOR,2,0, 0,
SENSOR,3,0, 0,
SENSOR,4,0, 0,
SENSOR,5,0, 0,
SENSOR,6,0, 0,
SENSOR,7,0, 0,
ODOMETRY,,0.0003680663308,0.1000223666,0.0002392920613
SENSOR,3,1.078805135,-1.115629175,
SENSOR,4,2.593724394,3.072043714,
SENSOR,1,0, 0,
SENSOR,2,0, 0,
SENSOR,3,0, 0,
SENSOR,4,0, 0,
SENSOR,5,0, 0,
SENSOR,6,0, 0,
SENSOR,7,0, 0,
ODOMETRY,,0.0001343100946,0.09997629336,0.000910406268
SENSOR,3,1.048152443,-1.212339187,
SENSOR,4,2.542504961,3.120267806,
SENSOR,1,0, 0,
SENSOR,2,0, 0,
SENSOR,3,0, 0,
SENSOR,4,0, 0,
SENSOR,5,0, 0,
SENSOR,6,0, 0,
SENSOR,7,0, 0,
ODOMETRY,,0.0001065539683,0.1000790557,0.0002725813893
SENSOR,3,0.9756231333,-1.401556682,
SENSOR,4,2.953480438,3.026811544,
SENSOR,1,0, 0,
SENSOR,2,0, 0,
SENSOR,3,0, 0,
SENSOR,4,0, 0,
SENSOR,5,0, 0,
SENSOR,6,0, 0,
SENSOR,7,0, 0,
ODOMETRY,,8.90E-06,0.09984396653,-0.000199443889
SENSOR,3,1.022200442,-1.470740023,
SENSOR,4,2.79028519,3.152971957,
SENSOR,1,0, 0,
SENSOR,2,0, 0,
SENSOR,3,0, 0,
SENSOR,4,0, 0,
SENSOR,5,0, 0,
SENSOR,6,0, 0,
SENSOR,7,0, 0,
ODOMETRY,,-0.0002096962285,0.1000599959,-0.0004810559508
SENSOR,3,1.074460137,-1.494896411,
SENSOR,4,2.993444027,3.127040121,
SENSOR,1,0, 0,
SENSOR,2,0, 0,
SENSOR,3,0, 0,
SENSOR,4,0, 0,
SENSOR,5,0, 0,
SENSOR,6,0, 0,
SENSOR,7,0, 0,
ODOMETRY,,-8.62E-06,0.100205536,0.0004685194583
SENSOR,3,0.9368844407,-1.605918729,
SENSOR,4,3.099085801,3.090492067,
SENSOR,1,0, 0,
SENSOR,2,0, 0,
SENSOR,3,0, 0,
SENSOR,4,0, 0,
SENSOR,5,0, 0,
SENSOR,6,0, 0,
SENSOR,7,0, 0,
ODOMETRY,,-0.0002283901288,0.1000389161,0.0004056118148
SENSOR,3,1.02462888,-1.727893047,
SENSOR,4,3.159277764,3.07432137,
SENSOR,1,0, 0,
SENSOR,2,0, 0,
SENSOR,3,0, 0,
SENSOR,4,0, 0,
SENSOR,5,0, 0,
SENSOR,6,0, 0,
SENSOR,7,0, 0,
ODOMETRY,,0.0001574936284,0.1001517292,-0.0006306603511
SENSOR,3,1.008077832,-1.844702296,
SENSOR,4,3.267276193,3.032026626,
SENSOR,1,0, 0,
SENSOR,2,0, 0,
SENSOR,3,0, 0,
SENSOR,4,0, 0,
SENSOR,5,0, 0,
SENSOR,6,0, 0,
SENSOR,7,0, 0,
ODOMETRY,,0.0004153663161,0.09940715629,-0.2026700931
SENSOR,3,1.153354132,-1.744860442,
SENSOR,4,3.275733059,-3.023032236,
SENSOR,1,0, 0,
SENSOR,2,0, 0,
SENSOR,3,0, 0,
SENSOR,4,0, 0,
SENSOR,5,0, 0,
SENSOR,6,0, 0,
SENSOR,7,0, 0,
ODOMETRY,,-0.0003843407108,0.1002845722,-0.1993805426
SENSOR,3,0.9124933978,-1.582058844,
SENSOR,4,3.454896122,-2.763837372,
SENSOR,1,0, 0,
SENSOR,2,0, 0,
SENSOR,3,0, 0,
SENSOR,4,0, 0,
SENSOR,5,0, 0,
SENSOR,6,0, 0,
SENSOR,7,0, 0,
ODOMETRY,,-0.0006260215648,0.09978425414,-0.1999865335
SENSOR,3,1.112413333,-1.598152073,
SENSOR,4,3.479523041,-2.688581666,
SENSOR,1,0, 0,
SENSOR,2,0, 0,
SENSOR,3,0, 0,
SENSOR,4,0, 0,
SENSOR,5,0, 0,
SENSOR,6,0, 0,
SENSOR,7,0, 0,
ODOMETRY,,-0.0002706433051,0.09960692827,-0.2001857818
SENSOR,3,1.095324474,-1.398628423,
SENSOR,4,3.437432271,-2.547455043,
SENSOR,1,0, 0,
SENSOR,2,0, 0,
SENSOR,3,0, 0,
SENSOR,4,0, 0,
SENSOR,5,0, 0,
SENSOR,6,0, 0,
SENSOR,7,0, 0,
ODOMETRY,,0.0005034577,0.1003290854,-0.2015037013
SENSOR,3,1.208445789,-1.230649932,
SENSOR,4,3.582030798,-2.182908978,
SENSOR,1,0, 0,
SENSOR,2,0, 0,
SENSOR,3,0, 0,
SENSOR,4,0, 0,
SENSOR,5,0, 0,
SENSOR,6,0, 0,
SENSOR,7,0, 0,
ODOMETRY,,-0.0003909545807,0.1002451446,-0.2006114116
SENSOR,3,0.96419253,-1.118112853,
SENSOR,4,3.644949171,-1.981949099,
SENSOR,1,0, 0,
SENSOR,2,0, 0,
SENSOR,3,0, 0,
SENSOR,4,0, 0,
SENSOR,5,0, 0,
SENSOR,6,0, 0,
SENSOR,7,0, 0,
ODOMETRY,,-0.0004436952274,0.09975468998,-0.1997422261
SENSOR,3,0.9926058269,-1.049535235,
SENSOR,4,3.713536883,-1.854343313,
SENSOR,1,0, 0,
SENSOR,2,0, 0,
SENSOR,3,0, 0,
SENSOR,4,0, 0,
SENSOR,5,0, 0,
SENSOR,6,0, 0,
SENSOR,7,0, 0,
ODOMETRY,,0.0002074105154,0.1003159153,-0.201497363
SENSOR,7,4.991116803,-0.422967287,
SENSOR,3,0.9593369907,-0.8218516209,
SENSOR,4,3.729446636,-1.687522033,
SENSOR,1,0, 0,
SENSOR,2,0, 0,
SENSOR,3,0, 0,
SENSOR,4,0, 0,
SENSOR,5,0, 0,
SENSOR,6,0, 0,
SENSOR,7,0, 0,
ODOMETRY,,8.45E-05,0.1000545451,-0.05099034023
SENSOR,7,5.173013999,-0.3499878143,
SENSOR,3,0.931930357,-0.9901612298,
SENSOR,4,3.775520969,-1.749564093,
SENSOR,1,0, 0,
SENSOR,2,0, 0,
SENSOR,3,0, 0,
SENSOR,4,0, 0,
SENSOR,5,0, 0,
SENSOR,6,0, 0,
SENSOR,7,0, 0,
ODOMETRY,,-0.0001324527629,0.1000496659,0.000556141754
SENSOR,7,4.710997067,-0.399904787,
SENSOR,3,0.7939154923,-1.044678972,
SENSOR,4,3.901319706,-1.753910756,
SENSOR,1,0, 0,
SENSOR,2,0, 0,
SENSOR,3,0, 0,
SENSOR,4,0, 0,
SENSOR,5,0, 0,
SENSOR,6,0, 0,
SENSOR,7,0, 0,
ODOMETRY,,0.000197078808,0.1001348281,-0.0002659576341
SENSOR,7,4.690554078,-0.3122004145,
SENSOR,3,0.7119843354,-1.197369637,
SENSOR,4,3.891500442,-1.736787128,
SENSOR,1,0, 0,
SENSOR,2,0, 0,
SENSOR,3,0, 0,
SENSOR,4,0, 0,
SENSOR,5,0, 0,
SENSOR,6,0, 0,
SENSOR,7,0, 0,
ODOMETRY,,0.0009328642339,0.09986618693,0.0001489731526
SENSOR,7,4.457738207,-0.4020816424,
SENSOR,3,0.8180780808,-1.258720156,
SENSOR,4,4.019132635,-1.740880549,
SENSOR,1,0, 0,
SENSOR,2,0, 0,
SENSOR,3,0, 0,
SENSOR,4,0, 0,
SENSOR,5,0, 0,
SENSOR,6,0, 0,
SENSOR,7,0, 0,
ODOMETRY,,0.0004551942319,0.1001000232,8.83E-05
SENSOR,7,4.514926163,-0.3544371776,
SENSOR,3,0.7574245576,-1.446281988,
SENSOR,4,3.89260388,-1.694226192,
SENSOR,1,0, 0,
SENSOR,2,0, 0,
SENSOR,3,0, 0,
SENSOR,4,0, 0,
SENSOR,5,0, 0,
SENSOR,6,0, 0,
SENSOR,7,0, 0,
ODOMETRY,,0.0003306223415,0.10011709,-0.0004043533104
SENSOR,7,4.454705405,-0.3396371393,
SENSOR,3,0.7501525132,-1.569039642,
SENSOR,4,3.845838456,-1.804106208,
SENSOR,1,0, 0,
SENSOR,2,0, 0,
SENSOR,3,0, 0,
SENSOR,4,0, 0,
SENSOR,5,0, 0,
SENSOR,6,0, 0,
SENSOR,7,0, 0,
ODOMETRY,,-0.0001168786912,0.100100106,-0.0001089733831
SENSOR,7,4.256243074,-0.4136957018,
SENSOR,3,0.7380275627,-1.599276589,
SENSOR,4,3.937483053,-1.888712045,
SENSOR,1,0, 0,
SENSOR,2,0, 0,
SENSOR,3,0, 0,
SENSOR,4,0, 0,
SENSOR,5,0, 0,
SENSOR,6,0, 0,
SENSOR,7,0, 0,
ODOMETRY,,-5.12E-06,0.09991945647,0.0002078577685
SENSOR,7,4.269826533,-0.379751077,
SENSOR,3,0.7071630066,-1.785723655,
SENSOR,4,4.007188119,-1.808351493,
SENSOR,1,0, 0,
SENSOR,2,0, 0,
SENSOR,3,0, 0,
SENSOR,4,0, 0,
SENSOR,5,0, 0,
SENSOR,6,0, 0,
SENSOR,7,0, 0,
ODOMETRY,,-0.0003245094283,0.09997769451,-0.0004907324712
SENSOR,7,4.194562765,-0.4524160971,
SENSOR,3,0.8914421032,-1.963447769,
SENSOR,4,4.373125868,-1.923512572,
SENSOR,1,0, 0,
SENSOR,2,0, 0,
SENSOR,3,0, 0,
SENSOR,4,0, 0,
SENSOR,5,0, 0,
SENSOR,6,0, 0,
SENSOR,7,0, 0,
ODOMETRY,,0.0002894723905,0.1001404427,-1.88E-05
SENSOR,7,4.048479488,-0.4863577017,
SENSOR,3,0.8262737187,-2.110361568,
SENSOR,4,4.060728078,-1.924325246,
SENSOR,1,0, 0,
SENSOR,2,0, 0,
SENSOR,3,0, 0,
SENSOR,4,0, 0,
SENSOR,5,0, 0,
SENSOR,6,0, 0,
SENSOR,7,0, 0,
ODOMETRY,,-0.0005439088669,0.100070511,3.21E-05
SENSOR,7,3.865241768,-0.4855061149,
SENSOR,3,0.8258779057,-2.16373622,
SENSOR,4,3.938101395,-1.930066306,
SENSOR,1,0, 0,
SENSOR,2,0, 0,
SENSOR,3,0, 0,
SENSOR,4,0, 0,
SENSOR,5,0, 0,
SENSOR,6,0, 0,
SENSOR,7,0, 0,
ODOMETRY,,0.0006594709731,0.1000092551,0.0004981473266
SENSOR,7,3.887224911,-0.4691399006,
SENSOR,3,0.9031087519,-2.254227298,
SENSOR,4,4.192184162,-1.906368411,
SENSOR,1,0, 0,
SENSOR,2,0, 0,
SENSOR,3,0, 0,
SENSOR,4,0, 0,
SENSOR,5,0, 0,
SENSOR,6,0, 0,
SENSOR,7,0, 0,
ODOMETRY,,3.70E-05,0.09999847114,-0.0005639762563
SENSOR,7,3.753899929,-0.4080662421,
SENSOR,3,1.081275512,-2.261083812,
SENSOR,4,4.151574376,-2.067569706,
SENSOR,1,0, 0,
SENSOR,2,0, 0,
SENSOR,3,0, 0,
SENSOR,4,0, 0,
SENSOR,5,0, 0,
SENSOR,6,0, 0,
SENSOR,7,0, 0,
ODOMETRY,,0.0002774703923,0.09999920979,-0.0004491357622
SENSOR,7,3.785439766,-0.5714510643,
SENSOR,3,1.129860503,-2.367257875,
SENSOR,4,4.161948183,-2.064312645,
SENSOR,6,4.922928304,-0.8312442788,
SENSOR,1,0, 0,
SENSOR,2,0, 0,
SENSOR,3,0, 0,
SENSOR,4,0, 0,
SENSOR,5,0, 0,
SENSOR,6,0, 0,
SENSOR,7,0, 0,
ODOMETRY,,0.0005889400373,0.09999818383,-0.0005751463922
SENSOR,7,3.444378729,-0.5498810454,
SENSOR,3,1.199104641,-2.410662201,
SENSOR,4,4.246749777,-2.046405004,
SENSOR,6,4.969218941,-0.8279796166,
SENSOR,1,0, 0,
SENSOR,2,0, 0,
SENSOR,3,0, 0,
SENSOR,4,0, 0,
SENSOR,5,0, 0,
SENSOR,6,0, 0,
SENSOR,7,0, 0,
ODOMETRY,,-0.0003611233562,0.1000122352,0.0007691758222
SENSOR,7,3.397491897,-0.4833300188,
SENSOR,3,1.10182687,-2.410378806,
SENSOR,4,4.344561657,-2.026561286,
SENSOR,6,4.962793189,-0.8793107695,
SENSOR,1,0, 0,
SENSOR,2,0, 0,
SENSOR,3,0, 0,
SENSOR,4,0, 0,
SENSOR,5,0, 0,
SENSOR,6,0, 0,
SENSOR,7,0, 0,
ODOMETRY,,0.0001925175486,0.1001612853,-0.0001506364477
SENSOR,7,3.407762495,-0.5589381215,
SENSOR,3,1.460473746,-2.506200567,
SENSOR,4,4.230640259,-2.027123483,
SENSOR,6,4.818622294,-0.9068003011,
SENSOR,1,0, 0,
SENSOR,2,0, 0,
SENSOR,3,0, 0,
SENSOR,4,0, 0,
SENSOR,5,0, 0,
SENSOR,6,0, 0,
SENSOR,7,0, 0,
ODOMETRY,,0.0007512067198,0.09982069916,0.0001151945191
SENSOR,7,3.306813822,-0.5890656336,
SENSOR,3,1.422098564,-2.637145468,
SENSOR,4,4.175726065,-2.023701691,
SENSOR,6,4.892117642,-0.8854082506,
SENSOR,1,0, 0,
SENSOR,2,0, 0,
SENSOR,3,0, 0,
SENSOR,4,0, 0,
SENSOR,5,0, 0,
SENSOR,6,0, 0,
SENSOR,7,0, 0,
ODOMETRY,,0.000601886751,0.1000103521,0.0003412790541
SENSOR,7,3.214150336,-0.5052264757,
SENSOR,3,1.60505069,-2.597342399,
SENSOR,4,4.485509618,-2.050497486,
SENSOR,6,4.640970812,-0.9822147235,
SENSOR,1,0, 0,
SENSOR,2,0, 0,
SENSOR,3,0, 0,
SENSOR,4,0, 0,
SENSOR,5,0, 0,
SENSOR,6,0, 0,
SENSOR,7,0, 0,
ODOMETRY,,-0.0003156812507,0.09999362771,0.0004430220577
SENSOR,7,3.143084743,-0.5513286919,
SENSOR,3,1.466948154,-2.688116618,
SENSOR,4,4.447643866,-2.057287782,
SENSOR,6,4.692842069,-1.02103208,
SENSOR,1,0, 0,
SENSOR,2,0, 0,
SENSOR,3,0, 0,
SENSOR,4,0, 0,
SENSOR,5,0, 0,
SENSOR,6,0, 0,
SENSOR,7,0, 0,
ODOMETRY,,-0.0003657673467,0.100014132,0.0005297645618
SENSOR,7,3.107127345,-0.621344078,
SENSOR,3,1.560603496,-2.58200853,
SENSOR,4,4.447352156,-2.201487489,
SENSOR,6,4.664615748,-0.9284720994,
SENSOR,1,0, 0,
SENSOR,2,0, 0,
SENSOR,3,0, 0,
SENSOR,4,0, 0,
SENSOR,5,0, 0,
SENSOR,6,0, 0,
SENSOR,7,0, 0,
ODOMETRY,,0.001173434392,0.1000787627,0.0001602654308
SENSOR,7,3.02538755,-0.5767958123,
SENSOR,3,1.65226034,-2.648911695,
SENSOR,4,4.638932672,-2.098233036,
SENSOR,6,4.408548076,-1.165478421,
SENSOR,1,0, 0,
SENSOR,2,0, 0,
SENSOR,3,0, 0,
SENSOR,4,0, 0,
SENSOR,5,0, 0,
SENSOR,6,0, 0,
SENSOR,7,0, 0,
ODOMETRY,,-5.64E-05,0.1000975265,0.0001638186241
SENSOR,7,2.853497107,-0.6958152558,
SENSOR,3,1.837634779,-2.687869162,
SENSOR,4,4.452471844,-2.123121611,
SENSOR,6,4.342662136,-0.9582953273,
SENSOR,1,0, 0,
SENSOR,2,0, 0,
SENSOR,3,0, 0,
SENSOR,4,0, 0,
SENSOR,5,0, 0,
SENSOR,6,0, 0,
SENSOR,7,0, 0,
ODOMETRY,,0.0002458646748,0.09988764818,0.0007746362317
SENSOR,7,2.761773959,-0.6942426123,
SENSOR,3,2.059160904,-2.672675542,
SENSOR,4,4.504758611,-2.220319743,
SENSOR,6,4.431333681,-1.036409403,
SENSOR,1,0, 0,
SENSOR,2,0, 0,
SENSOR,3,0, 0,
SENSOR,4,0, 0,
SENSOR,5,0, 0,
SENSOR,6,0, 0,
SENSOR,7,0, 0,
ODOMETRY,,0.001205702737,0.100026216,0.0001332509811
SENSOR,7,2.734644329,-0.6634081566,
SENSOR,3,2.038080691,-2.770351147,
SENSOR,4,4.676637404,-2.194555565,
SENSOR,6,4.408912552,-1.115765509,
SENSOR,1,0, 0,
SENSOR,2,0, 0,
SENSOR,3,0, 0,
SENSOR,4,0, 0,
SENSOR,5,0, 0,
SENSOR,6,0, 0,
SENSOR,7,0, 0,
ODOMETRY,,0.0003139964464,0.09995034976,-0.0006524489485
SENSOR,7,2.771660821,-0.6726197988,
SENSOR,3,2.059616841,-2.799320506,
SENSOR,4,4.815140955,-2.194126606,
SENSOR,6,4.275570589,-1.039861177,
SENSOR,1,0, 0,
SENSOR,2,0, 0,
SENSOR,3,0, 0,
SENSOR,4,0, 0,
SENSOR,5,0, 0,
SENSOR,6,0, 0,
SENSOR,7,0, 0,
ODOMETRY,,0.0002193151029,0.100131471,0.0001354270659
SENSOR,7,2.494599106,-0.6898973495,
SENSOR,0,4.978470016,0.01141949253,
SENSOR,3,2.248415419,-2.708366169,
SENSOR,4,4.725615167,-2.260740966,
SENSOR,6,4.316298977,-1.041300695,
SENSOR,1,0, 0,
SENSOR,2,0, 0,
SENSOR,3,0, 0,
SENSOR,4,0, 0,
SENSOR,5,0, 0,
SENSOR,6,0, 0,
SENSOR,7,0, 0,
ODOMETRY,,0.0001566485501,0.09992427645,0.0009984197017
SENSOR,7,2.554482913,-0.6828499802,
SENSOR,0,4.918278321,0.05712980831,
SENSOR,3,2.178529976,-2.777818957,
SENSOR,4,4.950037796,-2.215588879,
SENSOR,6,4.021533563,-1.0346019,
SENSOR,1,0, 0,
SENSOR,2,0, 0,
SENSOR,3,0, 0,
SENSOR,4,0, 0,
SENSOR,5,0, 0,
SENSOR,6,0, 0,
SENSOR,7,0, 0,
ODOMETRY,,0.0003254916828,0.1000566534,0.0009629234668
SENSOR,7,2.306946289,-0.7024807827,
SENSOR,0,4.70526309,0.1062043551,
SENSOR,3,2.267319205,-2.827897735,
SENSOR,4,4.881209837,-2.355835393,
SENSOR,6,3.957071783,-1.069005628,
SENSOR,1,0, 0,
SENSOR,2,0, 0,
SENSOR,3,0, 0,
SENSOR,4,0, 0,
SENSOR,5,0, 0,
SENSOR,6,0, 0,
SENSOR,7,0, 0,
ODOMETRY,,0.0002450337819,0.09989835757,-0.001162330719
SENSOR,7,2.301324524,-0.7951536859,
SENSOR,0,4.476395233,0.07270256678,
SENSOR,3,2.397455431,-2.83487818,
SENSOR,6,4.282678791,-1.162622616,
SENSOR,1,0, 0,
SENSOR,2,0, 0,
SENSOR,3,0, 0,
SENSOR,4,0, 0,
SENSOR,5,0, 0,
SENSOR,6,0, 0,
SENSOR,7,0, 0,
ODOMETRY,,2.48E-05,0.09984551391,-0.0001043795634
SENSOR,7,2.420498518,-0.8564755162,
SENSOR,0,4.456628545,0.01945364375,
SENSOR,3,2.563648412,-2.83196456,
SENSOR,6,4.016515959,-1.164670053,
SENSOR,1,0, 0,
SENSOR,2,0, 0,
SENSOR,3,0, 0,
SENSOR,4,0, 0,
SENSOR,5,0, 0,
SENSOR,6,0, 0,
SENSOR,7,0, 0,
ODOMETRY,,-0.000177916272,0.1000094554,-0.0002477942903
SENSOR,7,2.231405984,-0.8417453675,
SENSOR,0,4.620866369,0.09026641418,
SENSOR,3,2.543391218,-2.777149881,
SENSOR,6,4.08343565,-1.160700821,
SENSOR,1,0, 0,
SENSOR,2,0, 0,
SENSOR,3,0, 0,
SENSOR,4,0, 0,
SENSOR,5,0, 0,
SENSOR,6,0, 0,
SENSOR,7,0, 0,
ODOMETRY,,-0.0004218847568,0.1000884957,-5.13E-05
SENSOR,7,2.022224395,-0.9399355383,
SENSOR,0,4.242812405,0.004091500525,
SENSOR,3,2.776766621,-2.881584462,
SENSOR,6,3.895418212,-1.151949479,
SENSOR,1,0, 0,
SENSOR,2,0, 0,
SENSOR,3,0, 0,
SENSOR,4,0, 0,
SENSOR,5,0, 0,
SENSOR,6,0, 0,
SENSOR,7,0, 0,
ODOMETRY,,-0.0002821782094,0.09992072284,0.0003699960349
SENSOR,7,2.045118386,-0.9966077343,
SENSOR,0,4.362339258,0.05139456949,
SENSOR,3,2.969499939,-2.808776291,
SENSOR,6,3.882806489,-1.143469961,
SENSOR,1,0, 0,
SENSOR,2,0, 0,
SENSOR,3,0, 0,
SENSOR,4,0, 0,
SENSOR,5,0, 0,
SENSOR,6,0, 0,
SENSOR,7,0, 0,
ODOMETRY,,0.0005197779174,0.1001566337,-0.0001434344747
SENSOR,7,1.961173269,-0.9253588999,
SENSOR,0,4.211095912,0.03251581754,
SENSOR,3,2.976290837,-2.865523636,
SENSOR,6,3.815535461,-1.179518007,
SENSOR,1,0, 0,
SENSOR,2,0, 0,
SENSOR,3,0, 0,
SENSOR,4,0, 0,
SENSOR,5,0, 0,
SENSOR,6,0, 0,
SENSOR,7,0, 0,
ODOMETRY,,-0.0003297793108,0.09994038657,0.0001195180088
SENSOR,7,1.926869822,-1.05112653,
SENSOR,0,4.053147597,0.1342205699,
SENSOR,3,3.160769502,-2.808391315,
SENSOR,6,4.012483607,-1.340336532,
SENSOR,1,0, 0,
SENSOR,2,0, 0,
SENSOR,3,0, 0,
SENSOR,4,0, 0,
SENSOR,5,0, 0,
SENSOR,6,0, 0,
SENSOR,7,0, 0,
ODOMETRY,,0.001135871563,0.0999791867,-0.0001926770943
SENSOR,7,2.026806542,-1.014716432,
SENSOR,0,4.023987395,0.04012695262,
SENSOR,3,3.22062939,-2.860941951,
SENSOR,6,3.667479602,-1.282293763,
SENSOR,1,0, 0,
SENSOR,2,0, 0,
SENSOR,3,0, 0,
SENSOR,4,0, 0,
SENSOR,5,0, 0,
SENSOR,6,0, 0,
SENSOR,7,0, 0,
ODOMETRY,,-0.0001000006599,0.1000696268,-0.001210677903
SENSOR,7,1.677728883,-1.10968238,
SENSOR,0,4.017738769,0.1426418802,
SENSOR,3,3.268029567,-2.943925551,
SENSOR,6,3.92241894,-1.320810329,
SENSOR,1,0, 0,
SENSOR,2,0, 0,
SENSOR,3,0, 0,
SENSOR,4,0, 0,
SENSOR,5,0, 0,
SENSOR,6,0, 0,
SENSOR,7,0, 0,
ODOMETRY,,0.001744972439,0.09990333459,-0.0005593514308
SENSOR,7,1.764132239,-1.217641618,
SENSOR,0,3.879420686,0.08262687146,
SENSOR,3,3.390119252,-2.900324489,
SENSOR,6,3.997624537,-1.370147388,
SENSOR,1,0, 0,
SENSOR,2,0, 0,
SENSOR,3,0, 0,
SENSOR,4,0, 0,
SENSOR,5,0, 0,
SENSOR,6,0, 0,
SENSOR,7,0, 0,
ODOMETRY,,0.0007715128141,0.1000891023,-0.0003441968373
SENSOR,7,1.8128015,-1.172261057,
SENSOR,0,3.597849129,0.1392402593,
SENSOR,3,3.244951906,-2.85797942,
SENSOR,6,3.710901914,-1.381285958,
SENSOR,1,0, 0,
SENSOR,2,0, 0,
SENSOR,3,0, 0,
SENSOR,4,0, 0,
SENSOR,5,0, 0,
SENSOR,6,0, 0,
SENSOR,7,0, 0,
ODOMETRY,,3.76E-05,0.09987575032,-0.1998555843
SENSOR,7,1.832546845,-1.048755119,
SENSOR,0,3.520670106,0.2971040285,
SENSOR,3,3.474355695,-2.733732132,
SENSOR,6,3.732936639,-1.267337677,
SENSOR,1,0, 0,
SENSOR,2,0, 0,
SENSOR,3,0, 0,
SENSOR,4,0, 0,
SENSOR,5,0, 0,
SENSOR,6,0, 0,
SENSOR,7,0, 0,
ODOMETRY,,0.0005767033922,0.1001221474,-0.2020251341
SENSOR,7,1.756223886,-0.8832485526,
SENSOR,0,3.395577351,0.6147622029,
SENSOR,3,3.570314938,-2.451048202,
SENSOR,6,3.683529259,-1.046146683,
SENSOR,1,0, 0,
SENSOR,2,0, 0,
SENSOR,3,0, 0,
SENSOR,4,0, 0,
SENSOR,5,0, 0,
SENSOR,6,0, 0,
SENSOR,7,0, 0,
ODOMETRY,,0.001683060281,0.0997786141,-0.2040900779
SENSOR,7,1.691477583,-0.7525074084,
SENSOR,0,3.295422591,0.8022590462,
SENSOR,3,3.563195309,-2.313753677,
SENSOR,6,3.666317842,-0.7695619013,
SENSOR,1,0, 0,
SENSOR,2,0, 0,
SENSOR,3,0, 0,
SENSOR,4,0, 0,
SENSOR,5,0, 0,
SENSOR,6,0, 0,
SENSOR,7,0, 0,
ODOMETRY,,-0.0003496888151,0.100241617,-0.2006889832
SENSOR,7,1.706417846,-0.5149526518,
SENSOR,0,3.087375404,0.9772055955,
SENSOR,3,3.854089358,-2.172321496,
SENSOR,6,3.492402257,-0.7046213279,
SENSOR,1,0, 0,
SENSOR,2,0, 0,
SENSOR,3,0, 0,
SENSOR,4,0, 0,
SENSOR,5,0, 0,
SENSOR,6,0, 0,
SENSOR,7,0, 0,
ODOMETRY,,-0.0007537458221,0.1004963452,-0.2012915599
SENSOR,7,1.603799235,-0.4076421158,
SENSOR,0,3.030742584,1.172452175,
SENSOR,3,3.960865273,-1.918133641,
SENSOR,6,3.493437294,-0.4046783874,
SENSOR,1,0, 0,
SENSOR,2,0, 0,
SENSOR,3,0, 0,
SENSOR,4,0, 0,
SENSOR,5,0, 0,
SENSOR,6,0, 0,
SENSOR,7,0, 0,
ODOMETRY,,6.35E-05,0.0997901605,-0.1986438275
SENSOR,7,1.393921577,-0.2524647177,
SENSOR,0,3.146042778,1.405090039,
SENSOR,3,3.847209434,-1.828548174,
SENSOR,6,3.459548497,-0.2990856144,
SENSOR,1,0, 0,
SENSOR,2,0, 0,
SENSOR,3,0, 0,
SENSOR,4,0, 0,
SENSOR,5,0, 0,
SENSOR,6,0, 0,
SENSOR,7,0, 0,
ODOMETRY,,0.000827145069,0.1004648404,-0.1977510916
SENSOR,7,1.423267531,-0.06823895912,
SENSOR,0,3.241673934,1.605640334,
SENSOR,3,3.914679755,-1.671743355,
SENSOR,6,3.295654189,-0.06410567007,
SENSOR,1,0, 0,
SENSOR,2,0, 0,
SENSOR,3,0, 0,
SENSOR,4,0, 0,
SENSOR,5,0, 0,
SENSOR,6,0, 0,
SENSOR,7,0, 0,
ODOMETRY,,-5.17E-05,0.1000331104,-0.1512786889
SENSOR,7,1.30417949,0.1358094896,
SENSOR,0,3.25240544,1.814876207,
SENSOR,3,3.842214362,-1.445583073,
SENSOR,6,3.338495613,0.008808810805,
SENSOR,1,0, 0,
SENSOR,2,0, 0,
SENSOR,3,0, 0,
SENSOR,4,0, 0,
SENSOR,5,0, 0,
SENSOR,6,0, 0,
SENSOR,7,0, 0,
ODOMETRY,,-2.54E-05,0.09959428368,0.0003743408635
SENSOR,7,1.100877744,0.02085016059,
SENSOR,0,3.116182619,1.785763123,
SENSOR,3,3.928933732,-1.613805635,
SENSOR,6,3.004965109,-0.02469907835,
SENSOR,1,0, 0,
SENSOR,2,0, 0,
SENSOR,3,0, 0,
SENSOR,4,0, 0,
SENSOR,5,0, 0,
SENSOR,6,0, 0,
SENSOR,7,0, 0,
ODOMETRY,,-0.0009868152943,0.09996648425,0.0003878528435
SENSOR,7,0.9590823481,0.07477072059,
SENSOR,0,3.237741671,1.899181997,
SENSOR,3,4.0513286,-1.606652777,
SENSOR,6,3.125155286,0.1113153864,
SENSOR,1,0, 0,
SENSOR,2,0, 0,
SENSOR,3,0, 0,
SENSOR,4,0, 0,
SENSOR,5,0, 0,
SENSOR,6,0, 0,
SENSOR,7,0, 0,
ODOMETRY,,-5.55E-05,0.1000544618,0.000348685873
SENSOR,7,1.072630589,0.06265925883,
SENSOR,0,3.276712325,1.826060156,
SENSOR,3,3.842584455,-1.630951586,
SENSOR,6,3.131321089,-0.08798226319,
SENSOR,1,0, 0,
SENSOR,2,0, 0,
SENSOR,3,0, 0,
SENSOR,4,0, 0,
SENSOR,5,0, 0,
SENSOR,6,0, 0,
SENSOR,7,0, 0,
ODOMETRY,,0.000913680612,0.1001546702,1.59E-05
SENSOR,7,0.8004954284,0.03268606,
SENSOR,0,3.338880342,1.923831195,
SENSOR,3,4.000332997,-1.608370558,
SENSOR,6,3.03668726,0.02185205685,
SENSOR,1,0, 0,
SENSOR,2,0, 0,
SENSOR,3,0, 0,
SENSOR,4,0, 0,
SENSOR,5,0, 0,
SENSOR,6,0, 0,
SENSOR,7,0, 0,
ODOMETRY,,-0.0002551229007,0.09991520375,0.0004330121735
SENSOR,7,0.7635038568,0.159451553,
SENSOR,0,3.391810353,1.949463458,
SENSOR,3,3.850995591,-1.601824312,
SENSOR,6,2.807136148,0.01298181921,
SENSOR,1,0, 0,
SENSOR,2,0, 0,
SENSOR,3,0, 0,
SENSOR,4,0, 0,
SENSOR,5,0, 0,
SENSOR,6,0, 0,
SENSOR,7,0, 0,
ODOMETRY,,0.0002216016388,0.1000785713,5.47E-05
SENSOR,7,0.6142429184,0.08804368934,
SENSOR,0,3.306383632,2.044353279,
SENSOR,3,3.97469617,-1.726822548,
SENSOR,6,2.571169054,0.05825699835,
SENSOR,1,0, 0,
SENSOR,2,0, 0,
SENSOR,3,0, 0,
SENSOR,4,0, 0,
SENSOR,5,0, 0,
SENSOR,6,0, 0,
SENSOR,7,0, 0,
ODOMETRY,,0.0006018815591,0.100066717,9.39E-05
SENSOR,7,0.5714126832,0.1770472862,
SENSOR,0,3.47594533,2.095141685,
SENSOR,3,4.066896125,-1.647032924,
SENSOR,6,2.613149361,0.03168287873,
SENSOR,1,0, 0,
SENSOR,2,0, 0,
SENSOR,3,0, 0,
SENSOR,4,0, 0,
SENSOR,5,0, 0,
SENSOR,6,0, 0,
SENSOR,7,0, 0,
ODOMETRY,,-5.00E-05,0.1000862951,-0.0002603642894
SENSOR,7,0.4150606208,0.1398828324,
SENSOR,0,3.412918224,2.074664507,
SENSOR,3,4.169721374,-1.681441722,
SENSOR,6,2.359119669,0.04535403593,
SENSOR,1,0, 0,
SENSOR,2,0, 0,
SENSOR,3,0, 0,
SENSOR,4,0, 0,
SENSOR,5,0, 0,
SENSOR,6,0, 0,
SENSOR,7,0, 0,
ODOMETRY,,-0.0002487801078,0.1000745544,-7.67E-05
SENSOR,7,0.2665599688,0.2936073678,
SENSOR,0,3.49852058,2.054677945,
SENSOR,3,3.881173508,-1.772324365,
SENSOR,6,2.311640106,0.02166793962,
SENSOR,1,0, 0,
SENSOR,2,0, 0,
SENSOR,3,0, 0,
SENSOR,4,0, 0,
SENSOR,5,0, 0,
SENSOR,6,0, 0,
SENSOR,7,0, 0,
ODOMETRY,,0.0003016801106,0.09996275181,0.0003664379448
SENSOR,7,0.3075254941,0.3149689062,
SENSOR,0,3.586652761,2.089173016,
SENSOR,3,4.223063546,-1.740556024,
SENSOR,6,2.413839097,0.0309030034,
SENSOR,1,0, 0,
SENSOR,2,0, 0,
SENSOR,3,0, 0,
SENSOR,4,0, 0,
SENSOR,5,0, 0,
SENSOR,6,0, 0,
SENSOR,7,0, 0,
ODOMETRY,,-0.0008231226409,0.1000255615,0.000378471108
SENSOR,7,0.2233003946,0.4144380253,
SENSOR,0,3.499390903,2.170827574,
SENSOR,3,4.035120067,-1.753273195,
SENSOR,6,2.164147001,0.01613857662,
SENSOR,1,0, 0,
SENSOR,2,0, 0,
SENSOR,3,0, 0,
SENSOR,4,0, 0,
SENSOR,5,0, 0,
SENSOR,6,0, 0,
SENSOR,7,0, 0,
ODOMETRY,,6.72E-05,0.0999477743,-0.0002121916647
SENSOR,7,0.00697515234,1.085038926,
SENSOR,0,3.713664879,2.118636338,
SENSOR,3,3.937038407,-1.881690794,
SENSOR,6,1.931913754,-0.0373858945,
SENSOR,1,0, 0,
SENSOR,2,0, 0,
SENSOR,3,0, 0,
SENSOR,4,0, 0,
SENSOR,5,0, 0,
SENSOR,6,0, 0,
SENSOR,7,0, 0,
ODOMETRY,,2.88E-05,0.09995965768,-0.0008159901476
SENSOR,7,0.04750570091,2.205269763,
SENSOR,0,3.794071915,2.246307512,
SENSOR,3,4.032320788,-1.780480032,
SENSOR,6,2.144638898,-0.04797633497,
SENSOR,1,0, 0,
SENSOR,2,0, 0,
SENSOR,3,0, 0,
SENSOR,4,0, 0,
SENSOR,5,0, 0,
SENSOR,6,0, 0,
SENSOR,7,0, 0,
ODOMETRY,,-0.0003813563376,0.1000331012,-0.0002509620176
SENSOR,7,0.2351904323,2.698565736,
SENSOR,0,3.711428766,2.238220794,
SENSOR,2,4.845649983,0.6164988633,
SENSOR,3,3.997185536,-1.794311891,
SENSOR,6,1.886086107,-0.004698979426,
SENSOR,1,0, 0,
SENSOR,2,0, 0,
SENSOR,3,0, 0,
SENSOR,4,0, 0,
SENSOR,5,0, 0,
SENSOR,6,0, 0,
SENSOR,7,0, 0,
ODOMETRY,,0.0002764310843,0.1000895163,0.0009495606526
SENSOR,7,0.2481172595,2.833345119,
SENSOR,0,3.85940087,2.356306655,
SENSOR,2,4.773333261,0.5792386086,
SENSOR,3,3.889801139,-1.812674339,
SENSOR,6,1.872052238,0.02484508237,
SENSOR,1,0, 0,
SENSOR,2,0, 0,
SENSOR,3,0, 0,
SENSOR,4,0, 0,
SENSOR,5,0, 0,
SENSOR,6,0, 0,
SENSOR,7,0, 0,
ODOMETRY,,0.0006287595333,0.09988952107,0.0003261685043
SENSOR,7,0.1616697036,2.91055299,
SENSOR,0,3.887440061,2.212554297,
SENSOR,2,4.706078308,0.7008914365,
SENSOR,3,4.071410024,-1.879155432,
SENSOR,6,1.625689723,0.01541657634,
SENSOR,1,0, 0,
SENSOR,2,0, 0,
SENSOR,3,0, 0,
SENSOR,4,0, 0,
SENSOR,5,0, 0,
SENSOR,6,0, 0,
SENSOR,7,0, 0,
ODOMETRY,,-2.16E-05,0.1000919054,-0.0003845398062
SENSOR,7,0.5734093733,2.923271946,
SENSOR,0,4.025727107,2.342681431,
SENSOR,2,4.553309747,0.7394693142,
SENSOR,3,4.343617006,-1.959399618,
SENSOR,6,1.476281196,0.1433695624,
SENSOR,1,0, 0,
SENSOR,2,0, 0,
SENSOR,3,0, 0,
SENSOR,4,0, 0,
SENSOR,5,0, 0,
SENSOR,6,0, 0,
SENSOR,7,0, 0,
ODOMETRY,,-0.000463404949,0.1000306591,-0.0006200138887
SENSOR,7,0.6110407462,3.032951451,
SENSOR,0,3.954081106,2.208672247,
SENSOR,2,4.465800496,0.6990830754,
SENSOR,3,4.331197898,-1.927205383,
SENSOR,6,1.552597991,0.09945597323,
SENSOR,1,0, 0,
SENSOR,2,0, 0,
SENSOR,3,0, 0,
SENSOR,4,0, 0,
SENSOR,5,0, 0,
SENSOR,6,0, 0,
SENSOR,7,0, 0,
ODOMETRY,,9.43E-05,0.09995645975,-0.0002183168871
SENSOR,7,0.5787545354,2.953879285,
SENSOR,0,4.22929424,2.297824411,
SENSOR,2,4.503432496,0.7518299172,
SENSOR,3,4.313171815,-1.99579041,
SENSOR,6,1.50491609,0.05432299338,
SENSOR,1,0, 0,
SENSOR,2,0, 0,
SENSOR,3,0, 0,
SENSOR,4,0, 0,
SENSOR,5,0, 0,
SENSOR,6,0, 0,
SENSOR,7,0, 0,
ODOMETRY,,1.28E-07,0.099871667,0.0004427774515
SENSOR,7,0.7548746132,3.054519204,
SENSOR,0,4.154075477,2.309942422,
SENSOR,2,4.54378169,0.7771626698,
SENSOR,3,4.444163699,-1.975673397,
SENSOR,6,1.044173787,0.1053088919,
SENSOR,1,0, 0,
SENSOR,2,0, 0,
SENSOR,3,0, 0,
SENSOR,4,0, 0,
SENSOR,5,0, 0,
SENSOR,6,0, 0,
SENSOR,7,0, 0,
ODOMETRY,,-0.0002120624338,0.09987841155,1.60E-05
SENSOR,7,0.7131861701,3.108331671,
SENSOR,0,4.385356779,2.34861546,
SENSOR,2,4.407308822,0.7988673315,
SENSOR,3,4.444331104,-1.976034987,
SENSOR,6,1.020518706,0.003438175114,
SENSOR,1,0, 0,
SENSOR,2,0, 0,
SENSOR,3,0, 0,
SENSOR,4,0, 0,
SENSOR,5,0, 0,
SENSOR,6,0, 0,
SENSOR,7,0, 0,
ODOMETRY,,-0.0003275819739,0.09975590223,-0.0001674442246
SENSOR,7,0.9381645657,3.12735115,
SENSOR,0,4.224034684,2.336706994,
SENSOR,2,4.262247679,0.8468039258,
SENSOR,3,4.288639387,-1.993354148,
SENSOR,6,1.16508582,0.037679814,
SENSOR,1,0, 0,
SENSOR,2,0, 0,
SENSOR,3,0, 0,
SENSOR,4,0, 0,
SENSOR,5,0, 0,
SENSOR,6,0, 0,
SENSOR,7,0, 0,
ODOMETRY,,-0.0004939131972,0.09996953096,0.0008140374558
SENSOR,0,4.398934036,2.33390727,
SENSOR,2,4.108634479,0.8027448475,
SENSOR,3,4.418690698,-1.957241043,
SENSOR,6,0.8780513025,0.1154748961,
SENSOR,7,1.070970236,3.088113162,
SENSOR,8,5.015385749,-0.03874229616,
SENSOR,1,0, 0,
SENSOR,2,0, 0,
SENSOR,3,0, 0,
SENSOR,4,0, 0,
SENSOR,5,0, 0,
SENSOR,6,0, 0,
SENSOR,7,0, 0,
ODOMETRY,,0.0001854832683,0.1000879803,-9.09E-07
SENSOR,0,4.411843773,2.416679593,
SENSOR,2,3.950762089,0.8345179179,
SENSOR,3,4.510224396,-2.059943501,
SENSOR,4,5.151373287,-1.400597765,
SENSOR,6,0.8143698198,0.06526847936,
SENSOR,7,1.068266959,3.140200418,
SENSOR,8,4.809467271,-0.0647567959,
SENSOR,1,0, 0,
SENSOR,2,0, 0,
SENSOR,3,0, 0,
SENSOR,4,0, 0,
SENSOR,5,0, 0,
SENSOR,6,0, 0,
SENSOR,7,0, 0,
ODOMETRY,,0.00011355865,0.09998578188,0.0002474451147
SENSOR,0,4.431321041,2.363399549,
SENSOR,2,3.982249888,0.8368939768,
SENSOR,3,4.508497109,-2.084965022,
SENSOR,4,5.205778272,-1.307016052,
SENSOR,6,0.7343760357,0.1165793261,
SENSOR,7,1.207764548,3.006192515,
SENSOR,8,4.800147377,0.09932196352,
SENSOR,1,0, 0,
SENSOR,2,0, 0,
SENSOR,3,0, 0,
SENSOR,4,0, 0,
SENSOR,5,0, 0,
SENSOR,6,0, 0,
SENSOR,7,0, 0,
ODOMETRY,,-1.60E-05,0.09985277418,-0.0001210506637
SENSOR,0,4.447279071,2.380881387,
SENSOR,2,4.026302988,0.8899216627,
SENSOR,3,4.744152649,-2.089221042,
SENSOR,4,5.08010772,-1.447974436,
SENSOR,6,0.6274173648,0.1392882217,
SENSOR,7,1.3091725,3.156769662,
SENSOR,8,4.637753027,0.07100246121,
SENSOR,1,0, 0,
SENSOR,2,0, 0,
SENSOR,3,0, 0,
SENSOR,4,0, 0,
SENSOR,5,0, 0,
SENSOR,6,0, 0,
SENSOR,7,0, 0,
ODOMETRY,,-0.0002471078133,0.1000254207,-6.89E-05
SENSOR,0,4.564678227,2.361584008,
SENSOR,2,3.842236345,0.8604627104,
SENSOR,3,4.483734881,-2.034289894,
SENSOR,4,5.120468395,-1.516412242,
SENSOR,6,0.4736220985,0.09052066578,
SENSOR,7,1.437941213,3.009276089,
SENSOR,8,4.48984501,0.0342067026,
SENSOR,1,0, 0,
SENSOR,2,0, 0,
SENSOR,3,0, 0,
SENSOR,4,0, 0,
SENSOR,5,0, 0,
SENSOR,6,0, 0,
SENSOR,7,0, 0,
ODOMETRY,,-0.0002573929286,0.1001012292,0.0004672493166
SENSOR,0,4.588870989,2.406597982,
SENSOR,2,3.944088577,0.8644275812,
SENSOR,3,4.723096343,-2.198572645,
SENSOR,4,5.04793702,-1.520486977,
SENSOR,6,0.3806293522,0.1650981478,
SENSOR,7,1.534467069,3.108091854,
SENSOR,8,4.576945663,0.03451454647,
SENSOR,1,0, 0,
SENSOR,2,0, 0,
SENSOR,3,0, 0,
SENSOR,4,0, 0,
SENSOR,5,0, 0,
SENSOR,6,0, 0,
SENSOR,7,0, 0,
ODOMETRY,,5.91E-05,0.09999508945,-0.0002577330696
SENSOR,0,4.798588803,2.321615546,
SENSOR,2,4.051462937,0.9122002806,
SENSOR,3,4.82349983,-2.186806922,
SENSOR,4,5.100428664,-1.634597376,
SENSOR,6,0.3240368555,0.2327334509,
SENSOR,7,1.691893173,3.15738202,
SENSOR,8,4.180950791,0.01085012599,
SENSOR,1,0, 0,
SENSOR,2,0, 0,
SENSOR,3,0, 0,
SENSOR,4,0, 0,
SENSOR,5,0, 0,
SENSOR,6,0, 0,
SENSOR,7,0, 0,
ODOMETRY,,0.0002889534537,0.09998610438,0.0003781109532
SENSOR,0,4.822687896,2.473776986,
SENSOR,2,3.825662047,1.034315227,
SENSOR,3,4.655522124,-2.261313233,
SENSOR,4,4.745532469,-1.488027911,
SENSOR,6,0.3023944859,0.2744222647,
SENSOR,7,1.667265366,3.048435301,
SENSOR,8,4.364832151,-0.0382558369,
SENSOR,1,0, 0,
SENSOR,2,0, 0,
SENSOR,3,0, 0,
SENSOR,4,0, 0,
SENSOR,5,0, 0,
SENSOR,6,0, 0,
SENSOR,7,0, 0,
ODOMETRY,,-0.0001734600859,0.09999381835,1.79E-05
SENSOR,0,4.992612793,2.547457797,
SENSOR,2,3.674157345,0.9534665022,
SENSOR,3,4.809974624,-2.303997096,
SENSOR,4,4.747809019,-1.544645167,
SENSOR,6,0.1740038111,0.4825528009,
SENSOR,7,1.891656409,3.137951936,
SENSOR,8,4.193038943,0.07763984595,
SENSOR,1,0, 0,
SENSOR,2,0, 0,
SENSOR,3,0, 0,
SENSOR,4,0, 0,
SENSOR,5,0, 0,
SENSOR,6,0, 0,
SENSOR,7,0, 0,
ODOMETRY,,0.0007042848779,0.1001576301,0.001066035093
SENSOR,2,3.510814332,0.9930672205,
SENSOR,3,4.925101744,-2.218075384,
SENSOR,4,4.951030827,-1.512977073,
SENSOR,5,4.917188601,-0.8629383899,
SENSOR,6,-0.03506564126,0.9758872696,
SENSOR,7,1.900674655,3.144945614,
SENSOR,8,4.171551672,0.07278971952,